/*Table structure for table `austalk_id_animal` */

DROP TABLE IF EXISTS `animal`;

CREATE TABLE `animal` (
  `id` Int,
  `name` Text,
  PRIMARY KEY (`id` ASC)
);


/*Data for the table `animal` */

insert  into `animal`(`id`,`name`) values (1,"Arnhem Leaf-nosed Bat");
insert  into `animal`(`id`,`name`) values (2,"Arnhem Sheath-tailed Bat");
insert  into `animal`(`id`,`name`) values (3,"Australian Little Free-tailed Bat");
insert  into `animal`(`id`,`name`) values (4,"Bare-backed Fruit Bat");
insert  into `animal`(`id`,`name`) values (5,"Bare-rumped Sheath-tailed Bat");
insert  into `animal`(`id`,`name`) values (6,"Beccari's Free-tailed Bat");
insert  into `animal`(`id`,`name`) values (7,"Black Flying-fox");
insert  into `animal`(`id`,`name`) values (8,"Black-eared Flying-fox");
insert  into `animal`(`id`,`name`) values (9,"Bristle-faced Free-tailed Bat");
insert  into `animal`(`id`,`name`) values (10,"Central Long-eared Bat");
insert  into `animal`(`id`,`name`) values (11,"Chocolate Wattled Bat");
insert  into `animal`(`id`,`name`) values (12,"Christmas Island Pipistrelle");
insert  into `animal`(`id`,`name`) values (13,"Coastal Sheath-tailed Bat");
insert  into `animal`(`id`,`name`) values (14,"Common Bent-wing Bat");
insert  into `animal`(`id`,`name`) values (15,"Common Blossom-bat");
insert  into `animal`(`id`,`name`) values (16,"Common Sheath-tailed Bat");
insert  into `animal`(`id`,`name`) values (17,"Diadem Leaf-nosed Bat");
insert  into `animal`(`id`,`name`) values (18,"Dusky Leaf-nosed Bat");
insert  into `animal`(`id`,`name`) values (19,"East-coast Free-tailed Bat");
insert  into `animal`(`id`,`name`) values (20,"Eastern Bent-wing Bat");
insert  into `animal`(`id`,`name`) values (21,"Eastern Broad-nosed Bat");
insert  into `animal`(`id`,`name`) values (22,"Eastern Cave Bat");
insert  into `animal`(`id`,`name`) values (23,"Eastern False Pipistrelle");
insert  into `animal`(`id`,`name`) values (24,"Eastern Forest Bat");
insert  into `animal`(`id`,`name`) values (25,"Eastern Free-tailed Bat");
insert  into `animal`(`id`,`name`) values (26,"Eastern Horseshoe Bat");
insert  into `animal`(`id`,`name`) values (27,"Eastern Little Free-tailed Bat");
insert  into `animal`(`id`,`name`) values (28,"Eastern Long-eared Bat");
insert  into `animal`(`id`,`name`) values (29,"Eastern Tube-nosed Bat");
insert  into `animal`(`id`,`name`) values (30,"Fawn Leaf-nosed Bat");
insert  into `animal`(`id`,`name`) values (31,"Finlayson's Cave Bat");
insert  into `animal`(`id`,`name`) values (32,"Flute-nosed Bat");
insert  into `animal`(`id`,`name`) values (33,"Forest Pipistrelle");
insert  into `animal`(`id`,`name`) values (34,"Ghost Bat");
insert  into `animal`(`id`,`name`) values (35,"Golden-tipped Bat");
insert  into `animal`(`id`,`name`) values (36,"Gould's Long-eared Bat");
insert  into `animal`(`id`,`name`) values (37,"Gould's Wattled Bat");
insert  into `animal`(`id`,`name`) values (38,"Greater Broad-nosed Bat");
insert  into `animal`(`id`,`name`) values (39,"Greater long-eared bat");
insert  into `animal`(`id`,`name`) values (40,"Grey-headed Flying-fox");
insert  into `animal`(`id`,`name`) values (41,"Hill's Sheath-tailed Bat");
insert  into `animal`(`id`,`name`) values (42,"Hoary Wattled Bat");
insert  into `animal`(`id`,`name`) values (43,"Inland Broad-nosed Bat");
insert  into `animal`(`id`,`name`) values (44,"Inland Forest Bat");
insert  into `animal`(`id`,`name`) values (45,"Inland Free-tailed Bat");
insert  into `animal`(`id`,`name`) values (46,"Large Forest Bat");
insert  into `animal`(`id`,`name`) values (47,"Large-eared Flying-fox");
insert  into `animal`(`id`,`name`) values (48,"Large-eared Horseshoe Bat");
insert  into `animal`(`id`,`name`) values (49,"Large-eared Pied Bat");
insert  into `animal`(`id`,`name`) values (50,"Large-footed Bat");
insert  into `animal`(`id`,`name`) values (51,"Lesser Long-eared Bat");
insert  into `animal`(`id`,`name`) values (52,"Little Bent-wing Bat");
insert  into `animal`(`id`,`name`) values (53,"Little Broad-nosed Bat");
insert  into `animal`(`id`,`name`) values (54,"Little Forest Bat");
insert  into `animal`(`id`,`name`) values (55,"Little Pied Bat");
insert  into `animal`(`id`,`name`) values (56,"Little Red Flying-fox");
insert  into `animal`(`id`,`name`) values (57,"Lord Howe Long-eared Bat");
insert  into `animal`(`id`,`name`) values (58,"Mormopterus loriae");
insert  into `animal`(`id`,`name`) values (59,"Northern Blossom-bat");
insert  into `animal`(`id`,`name`) values (60,"Northern Broad-nosed Bat");
insert  into `animal`(`id`,`name`) values (61,"Northern Cave Bat");
insert  into `animal`(`id`,`name`) values (62,"Northern Free-tailed Bat");
insert  into `animal`(`id`,`name`) values (63,"Northern Leaf-nosed Bat");
insert  into `animal`(`id`,`name`) values (64,"Northern Long-eared Bat");
insert  into `animal`(`id`,`name`) values (65,"Northern Pipistrelle");
insert  into `animal`(`id`,`name`) values (66,"Northern Tube-nosed Bat");
insert  into `animal`(`id`,`name`) values (67,"Orange Leaf-nosed Bat");
insert  into `animal`(`id`,`name`) values (68,"Papuan Sheath-tailed Bat");
insert  into `animal`(`id`,`name`) values (69,"Pygmy Long-eared Bat");
insert  into `animal`(`id`,`name`) values (70,"Scotorepens balstoni");
insert  into `animal`(`id`,`name`) values (71,"Semon's Leaf-nosed Bat");
insert  into `animal`(`id`,`name`) values (72,"South-eastern Free-tailed Bat");
insert  into `animal`(`id`,`name`) values (73,"South-western Free-tailed Bat");
insert  into `animal`(`id`,`name`) values (74,"Southern Forest Bat");
insert  into `animal`(`id`,`name`) values (75,"Spectacled Flying-fox");
insert  into `animal`(`id`,`name`) values (76,"Tasmanian long-eared bat");
insert  into `animal`(`id`,`name`) values (77,"Troughton's Sheath-tailed Bat");
insert  into `animal`(`id`,`name`) values (78,"Western False Pipistrelle");
insert  into `animal`(`id`,`name`) values (79,"Western Little Free-tailed Bat");
insert  into `animal`(`id`,`name`) values (80,"Western Long-eared Bat");
insert  into `animal`(`id`,`name`) values (81,"White-striped Free-tailed Bat");
insert  into `animal`(`id`,`name`) values (82,"Yellow-bellied Sheath-tailed Bat");
insert  into `animal`(`id`,`name`) values (83,"Yellow-lipped Bat");
insert  into `animal`(`id`,`name`) values (84,"Abbott's Booby");
insert  into `animal`(`id`,`name`) values (85,"Adelie Penguin");
insert  into `animal`(`id`,`name`) values (86,"Albert's Lyrebird");
insert  into `animal`(`id`,`name`) values (87,"American Golden Plover");
insert  into `animal`(`id`,`name`) values (88,"Antarctic Petrel");
insert  into `animal`(`id`,`name`) values (89,"Antarctic Prion");
insert  into `animal`(`id`,`name`) values (90,"Antarctic Tern");
insert  into `animal`(`id`,`name`) values (91,"Apostlebird");
insert  into `animal`(`id`,`name`) values (92,"Arafura Fantail");
insert  into `animal`(`id`,`name`) values (93,"Arctic Jaeger");
insert  into `animal`(`id`,`name`) values (94,"Arctic Tern");
insert  into `animal`(`id`,`name`) values (95,"Arctic Warbler");
insert  into `animal`(`id`,`name`) values (96,"Asian Brown Flycatcher");
insert  into `animal`(`id`,`name`) values (97,"Asian Dowitcher");
insert  into `animal`(`id`,`name`) values (98,"Asian House Martin");
insert  into `animal`(`id`,`name`) values (99,"Asian Koel");
insert  into `animal`(`id`,`name`) values (100,"Atherton Scrubwren");
insert  into `animal`(`id`,`name`) values (101,"Atlantic Petrel");
insert  into `animal`(`id`,`name`) values (102,"Audubon's Shearwater");
insert  into `animal`(`id`,`name`) values (103,"Australasian Bittern");
insert  into `animal`(`id`,`name`) values (104,"Australasian Darter");
insert  into `animal`(`id`,`name`) values (105,"Australasian Figbird");
insert  into `animal`(`id`,`name`) values (106,"Australasian Gannet");
insert  into `animal`(`id`,`name`) values (107,"Australasian Grebe");
insert  into `animal`(`id`,`name`) values (108,"Australasian Pipit");
insert  into `animal`(`id`,`name`) values (109,"Australasian Shoveler");
insert  into `animal`(`id`,`name`) values (110,"Australian Brush-turkey");
insert  into `animal`(`id`,`name`) values (111,"Australian Bustard");
insert  into `animal`(`id`,`name`) values (112,"Australian Hobby");
insert  into `animal`(`id`,`name`) values (113,"Australian King-Parrot");
insert  into `animal`(`id`,`name`) values (114,"Australian Little Bittern");
insert  into `animal`(`id`,`name`) values (115,"Australian Logrunner");
insert  into `animal`(`id`,`name`) values (116,"Australian Magpie");
insert  into `animal`(`id`,`name`) values (117,"Australian Owlet-nightjar");
insert  into `animal`(`id`,`name`) values (118,"Australian Painted Snipe");
insert  into `animal`(`id`,`name`) values (119,"Australian Pelican");
insert  into `animal`(`id`,`name`) values (120,"Australian Pied Oystercatcher");
insert  into `animal`(`id`,`name`) values (121,"Australian Pratincole");
insert  into `animal`(`id`,`name`) values (122,"Australian Raven");
insert  into `animal`(`id`,`name`) values (123,"Australian Reed-Warbler");
insert  into `animal`(`id`,`name`) values (124,"Australian Ringneck");
insert  into `animal`(`id`,`name`) values (125,"Australian Shelduck");
insert  into `animal`(`id`,`name`) values (126,"Australian Spotted Crake");
insert  into `animal`(`id`,`name`) values (127,"Australian Swiftlet");
insert  into `animal`(`id`,`name`) values (128,"Australian White Ibis");
insert  into `animal`(`id`,`name`) values (129,"Australian Wood Duck");
insert  into `animal`(`id`,`name`) values (130,"Azure Kingfisher");
insert  into `animal`(`id`,`name`) values (131,"Baillon's Crake");
insert  into `animal`(`id`,`name`) values (132,"Baird's Sandpiper");
insert  into `animal`(`id`,`name`) values (133,"Banded Fruit-Dove");
insert  into `animal`(`id`,`name`) values (134,"Banded Honeyeater");
insert  into `animal`(`id`,`name`) values (135,"Banded Lapwing");
insert  into `animal`(`id`,`name`) values (136,"Banded Stilt");
insert  into `animal`(`id`,`name`) values (137,"Banded Whiteface");
insert  into `animal`(`id`,`name`) values (138,"Bar-breasted Honeyeater");
insert  into `animal`(`id`,`name`) values (139,"Bar-shouldered Dove");
insert  into `animal`(`id`,`name`) values (140,"Bar-tailed Godwit");
insert  into `animal`(`id`,`name`) values (141,"Barau's Petrel");
insert  into `animal`(`id`,`name`) values (142,"Barbary Dove");
insert  into `animal`(`id`,`name`) values (143,"Barking Owl");
insert  into `animal`(`id`,`name`) values (144,"Barn Swallow");
insert  into `animal`(`id`,`name`) values (145,"Barred Cuckoo-shrike");
insert  into `animal`(`id`,`name`) values (146,"Bassian Thrush");
insert  into `animal`(`id`,`name`) values (147,"Baudin's Black-Cockatoo");
insert  into `animal`(`id`,`name`) values (148,"Beach Stone-curlew");
insert  into `animal`(`id`,`name`) values (149,"Beautiful Firetail");
insert  into `animal`(`id`,`name`) values (150,"Bell Miner");
insert  into `animal`(`id`,`name`) values (151,"Black Bittern");
insert  into `animal`(`id`,`name`) values (152,"Black Butcherbird");
insert  into `animal`(`id`,`name`) values (153,"Black Currawong");
insert  into `animal`(`id`,`name`) values (154,"Black Falcon");
insert  into `animal`(`id`,`name`) values (155,"Black Grasswren");
insert  into `animal`(`id`,`name`) values (156,"Black Honeyeater");
insert  into `animal`(`id`,`name`) values (157,"Black Kite");
insert  into `animal`(`id`,`name`) values (158,"Black Noddy");
insert  into `animal`(`id`,`name`) values (159,"Black Petrel");
insert  into `animal`(`id`,`name`) values (160,"Black Swan");
insert  into `animal`(`id`,`name`) values (161,"Black Tern");
insert  into `animal`(`id`,`name`) values (162,"Black-backed Butcherbird");
insert  into `animal`(`id`,`name`) values (163,"Black-bellied Storm-Petrel");
insert  into `animal`(`id`,`name`) values (164,"Black-billed Magpie");
insert  into `animal`(`id`,`name`) values (165,"Black-breasted Button-quail");
insert  into `animal`(`id`,`name`) values (166,"Black-breasted Buzzard");
insert  into `animal`(`id`,`name`) values (167,"Black-browed Albatross");
insert  into `animal`(`id`,`name`) values (168,"Black-capped Kingfisher");
insert  into `animal`(`id`,`name`) values (169,"Black-chinned Honeyeater");
insert  into `animal`(`id`,`name`) values (170,"Black-crowned Night Heron");
insert  into `animal`(`id`,`name`) values (171,"Black-eared Cuckoo");
insert  into `animal`(`id`,`name`) values (172,"Black-eared Miner");
insert  into `animal`(`id`,`name`) values (173,"Black-faced Cormorant");
insert  into `animal`(`id`,`name`) values (174,"Black-faced Cuckoo-shrike");
insert  into `animal`(`id`,`name`) values (175,"Black-faced Monarch");
insert  into `animal`(`id`,`name`) values (176,"Black-faced Sheathbill");
insert  into `animal`(`id`,`name`) values (177,"Black-faced Woodswallow");
insert  into `animal`(`id`,`name`) values (178,"Black-fronted Dotterel");
insert  into `animal`(`id`,`name`) values (179,"Black-headed Gull");
insert  into `animal`(`id`,`name`) values (180,"Black-headed Honeyeater");
insert  into `animal`(`id`,`name`) values (181,"Black-naped Tern");
insert  into `animal`(`id`,`name`) values (182,"Black-necked Stork");
insert  into `animal`(`id`,`name`) values (183,"Black-shouldered Kite");
insert  into `animal`(`id`,`name`) values (184,"Black-tailed Godwit");
insert  into `animal`(`id`,`name`) values (185,"Black-tailed Gull");
insert  into `animal`(`id`,`name`) values (186,"Black-tailed Native-hen");
insert  into `animal`(`id`,`name`) values (187,"Black-tailed Treecreeper");
insert  into `animal`(`id`,`name`) values (188,"Black-throated Finch");
insert  into `animal`(`id`,`name`) values (189,"Black-winged Monarch");
insert  into `animal`(`id`,`name`) values (190,"Black-winged Petrel");
insert  into `animal`(`id`,`name`) values (191,"Black-winged Stilt");
insert  into `animal`(`id`,`name`) values (192,"Blackbird");
insert  into `animal`(`id`,`name`) values (193,"Blue Petrel");
insert  into `animal`(`id`,`name`) values (194,"Blue Rock Thrush");
insert  into `animal`(`id`,`name`) values (195,"Blue-and-white Flycatcher");
insert  into `animal`(`id`,`name`) values (196,"Blue-billed Duck");
insert  into `animal`(`id`,`name`) values (197,"Blue-breasted Fairy-wren");
insert  into `animal`(`id`,`name`) values (198,"Blue-faced Honeyeater");
insert  into `animal`(`id`,`name`) values (199,"Blue-faced Parrot-Finch");
insert  into `animal`(`id`,`name`) values (200,"Blue-winged Kookaburra");
insert  into `animal`(`id`,`name`) values (201,"Blue-winged Parrot");
insert  into `animal`(`id`,`name`) values (202,"Blue-winged Pitta");
insert  into `animal`(`id`,`name`) values (203,"Bluebonnet");
insert  into `animal`(`id`,`name`) values (204,"Bourke's Parrot");
insert  into `animal`(`id`,`name`) values (205,"Bower's Shrike-thrush");
insert  into `animal`(`id`,`name`) values (206,"Brahminy Kite");
insert  into `animal`(`id`,`name`) values (207,"Bridled Honeyeater");
insert  into `animal`(`id`,`name`) values (208,"Bridled Tern");
insert  into `animal`(`id`,`name`) values (209,"Broad-billed Flycatcher");
insert  into `animal`(`id`,`name`) values (210,"Broad-billed Prion");
insert  into `animal`(`id`,`name`) values (211,"Broad-billed Sandpiper");
insert  into `animal`(`id`,`name`) values (212,"Brolga");
insert  into `animal`(`id`,`name`) values (213,"Brown Booby");
insert  into `animal`(`id`,`name`) values (214,"Brown Cuckoo-Dove");
insert  into `animal`(`id`,`name`) values (215,"Brown Falcon");
insert  into `animal`(`id`,`name`) values (216,"Brown Gerygone");
insert  into `animal`(`id`,`name`) values (217,"Brown Goshawk");
insert  into `animal`(`id`,`name`) values (218,"Brown Hawk-Owl");
insert  into `animal`(`id`,`name`) values (219,"Brown Honeyeater");
insert  into `animal`(`id`,`name`) values (220,"Brown Quail");
insert  into `animal`(`id`,`name`) values (221,"Brown Shrike");
insert  into `animal`(`id`,`name`) values (222,"Brown Skua");
insert  into `animal`(`id`,`name`) values (223,"Brown Songlark");
insert  into `animal`(`id`,`name`) values (224,"Brown Thornbill");
insert  into `animal`(`id`,`name`) values (225,"Brown Treecreeper");
insert  into `animal`(`id`,`name`) values (226,"Brown-backed Honeyeater");
insert  into `animal`(`id`,`name`) values (227,"Brown-headed Honeyeater");
insert  into `animal`(`id`,`name`) values (228,"Brush Bronzewing");
insert  into `animal`(`id`,`name`) values (229,"Brush Cuckoo");
insert  into `animal`(`id`,`name`) values (230,"Budgerigar");
insert  into `animal`(`id`,`name`) values (231,"Buff-banded Rail");
insert  into `animal`(`id`,`name`) values (232,"Buff-breasted Button-quail");
insert  into `animal`(`id`,`name`) values (233,"Buff-breasted Paradise-Kingfisher");
insert  into `animal`(`id`,`name`) values (234,"Buff-breasted Sandpiper");
insert  into `animal`(`id`,`name`) values (235,"Buff-rumped Thornbill");
insert  into `animal`(`id`,`name`) values (236,"Buff-sided Robin");
insert  into `animal`(`id`,`name`) values (237,"Buffy Fish-Owl");
insert  into `animal`(`id`,`name`) values (238,"Buller's Albatross");
insert  into `animal`(`id`,`name`) values (239,"Buller's Shearwater");
insert  into `animal`(`id`,`name`) values (240,"Bulwer's Petrel");
insert  into `animal`(`id`,`name`) values (241,"Bush Stone-curlew");
insert  into `animal`(`id`,`name`) values (242,"Canada Goose");
insert  into `animal`(`id`,`name`) values (243,"Cape Barren Goose");
insert  into `animal`(`id`,`name`) values (244,"Cape Gannet");
insert  into `animal`(`id`,`name`) values (245,"Cape Petrel");
insert  into `animal`(`id`,`name`) values (246,"Carnaby's Black-Cockatoo");
insert  into `animal`(`id`,`name`) values (247,"Carpentarian Grasswren");
insert  into `animal`(`id`,`name`) values (248,"Caspian Plover");
insert  into `animal`(`id`,`name`) values (249,"Caspian Tern");
insert  into `animal`(`id`,`name`) values (250,"Cattle Egret");
insert  into `animal`(`id`,`name`) values (251,"Channel-billed Cuckoo");
insert  into `animal`(`id`,`name`) values (252,"Chestnut Quail-thrush");
insert  into `animal`(`id`,`name`) values (253,"Chestnut Rail");
insert  into `animal`(`id`,`name`) values (254,"Chestnut Teal");
insert  into `animal`(`id`,`name`) values (255,"Chestnut-backed Button-quail");
insert  into `animal`(`id`,`name`) values (256,"Chestnut-breasted Cuckoo");
insert  into `animal`(`id`,`name`) values (257,"Chestnut-breasted Mannikin");
insert  into `animal`(`id`,`name`) values (258,"Chestnut-breasted Quail-thrush");
insert  into `animal`(`id`,`name`) values (259,"Chestnut-breasted Whiteface");
insert  into `animal`(`id`,`name`) values (260,"Chestnut-crowned Babbler");
insert  into `animal`(`id`,`name`) values (261,"Chestnut-quilled Rock-Pigeon");
insert  into `animal`(`id`,`name`) values (262,"Chestnut-rumped Heathwren");
insert  into `animal`(`id`,`name`) values (263,"Chestnut-rumped Thornbill");
insert  into `animal`(`id`,`name`) values (264,"Chiming Wedgebill");
insert  into `animal`(`id`,`name`) values (265,"Chinese Pond Heron");
insert  into `animal`(`id`,`name`) values (266,"Chinstrap Penguin");
insert  into `animal`(`id`,`name`) values (267,"Chirruping Wedgebill");
insert  into `animal`(`id`,`name`) values (268,"Chowchilla");
insert  into `animal`(`id`,`name`) values (269,"Christmas Island Frigatebird");
insert  into `animal`(`id`,`name`) values (270,"Christmas Island Hawk-Owl");
insert  into `animal`(`id`,`name`) values (271,"Christmas Island Imperial Pigeon");
insert  into `animal`(`id`,`name`) values (272,"Christmas Island White-eye");
insert  into `animal`(`id`,`name`) values (273,"Cicadabird");
insert  into `animal`(`id`,`name`) values (274,"Cinnamon Bittern");
insert  into `animal`(`id`,`name`) values (275,"Cinnamon Quail-thrush");
insert  into `animal`(`id`,`name`) values (276,"Citrine Wagtail");
insert  into `animal`(`id`,`name`) values (277,"Cockatiel");
insert  into `animal`(`id`,`name`) values (278,"Collared Imperial-Pigeon");
insert  into `animal`(`id`,`name`) values (279,"Collared Kingfisher");
insert  into `animal`(`id`,`name`) values (280,"Collared Sparrowhawk");
insert  into `animal`(`id`,`name`) values (281,"Comb-crested Jacana");
insert  into `animal`(`id`,`name`) values (282,"Common Bronzewing");
insert  into `animal`(`id`,`name`) values (283,"Common Chaffinch");
insert  into `animal`(`id`,`name`) values (284,"Common Diving-Petrel");
insert  into `animal`(`id`,`name`) values (285,"Common Greenshank");
insert  into `animal`(`id`,`name`) values (286,"Common Kingfisher");
insert  into `animal`(`id`,`name`) values (287,"Common Myna");
insert  into `animal`(`id`,`name`) values (288,"Common Noddy");
insert  into `animal`(`id`,`name`) values (289,"Common Paradise-kingfisher");
insert  into `animal`(`id`,`name`) values (290,"Common Pheasant");
insert  into `animal`(`id`,`name`) values (291,"Common Redpoll");
insert  into `animal`(`id`,`name`) values (292,"Common Redshank");
insert  into `animal`(`id`,`name`) values (293,"Common Sandpiper");
insert  into `animal`(`id`,`name`) values (294,"Common Starling");
insert  into `animal`(`id`,`name`) values (295,"Common Tern");
insert  into `animal`(`id`,`name`) values (296,"Cook's Petrel");
insert  into `animal`(`id`,`name`) values (297,"Corncrake");
insert  into `animal`(`id`,`name`) values (298,"Cotton Pygmy-goose");
insert  into `animal`(`id`,`name`) values (299,"Crescent Honeyeater");
insert  into `animal`(`id`,`name`) values (300,"Crested Bellbird");
insert  into `animal`(`id`,`name`) values (301,"Crested Pigeon");
insert  into `animal`(`id`,`name`) values (302,"Crested Shrike-tit");
insert  into `animal`(`id`,`name`) values (303,"Crested Tern");
insert  into `animal`(`id`,`name`) values (304,"Crimson Finch");
insert  into `animal`(`id`,`name`) values (305,"Crimson Rosella");
insert  into `animal`(`id`,`name`) values (306,"Curlew Sandpiper");
insert  into `animal`(`id`,`name`) values (307,"Dark-sided Flycatcher");
insert  into `animal`(`id`,`name`) values (308,"Diamond Dove");
insert  into `animal`(`id`,`name`) values (309,"Diamond Firetail");
insert  into `animal`(`id`,`name`) values (310,"Dollarbird");
insert  into `animal`(`id`,`name`) values (311,"Double-banded Plover");
insert  into `animal`(`id`,`name`) values (312,"Double-barred Finch");
insert  into `animal`(`id`,`name`) values (313,"Double-eyed Fig-Parrot");
insert  into `animal`(`id`,`name`) values (314,"Dunlin");
insert  into `animal`(`id`,`name`) values (315,"Dusky Gerygone");
insert  into `animal`(`id`,`name`) values (316,"Dusky Grasswren");
insert  into `animal`(`id`,`name`) values (317,"Dusky Honeyeater");
insert  into `animal`(`id`,`name`) values (318,"Dusky Moorhen");
insert  into `animal`(`id`,`name`) values (319,"Dusky Robin");
insert  into `animal`(`id`,`name`) values (320,"Dusky Warbler");
insert  into `animal`(`id`,`name`) values (321,"Dusky Woodswallow");
insert  into `animal`(`id`,`name`) values (322,"Eastern Barn Owl");
insert  into `animal`(`id`,`name`) values (323,"Eastern Bristlebird");
insert  into `animal`(`id`,`name`) values (324,"Eastern Curlew");
insert  into `animal`(`id`,`name`) values (325,"Eastern Grass Owl");
insert  into `animal`(`id`,`name`) values (326,"Eastern Great Egret");
insert  into `animal`(`id`,`name`) values (327,"Eastern Ground Parrot");
insert  into `animal`(`id`,`name`) values (328,"Eastern Koel");
insert  into `animal`(`id`,`name`) values (329,"Eastern Osprey");
insert  into `animal`(`id`,`name`) values (330,"Eastern Reef Egret");
insert  into `animal`(`id`,`name`) values (331,"Eastern Rosella");
insert  into `animal`(`id`,`name`) values (332,"Eastern Spinebill");
insert  into `animal`(`id`,`name`) values (333,"Eastern Whipbird");
insert  into `animal`(`id`,`name`) values (334,"Eastern Yellow Robin");
insert  into `animal`(`id`,`name`) values (335,"Eastern Yellow Wagtail");
insert  into `animal`(`id`,`name`) values (336,"Eclectus Parrot");
insert  into `animal`(`id`,`name`) values (337,"Elegant Imperial-Pigeon");
insert  into `animal`(`id`,`name`) values (338,"Elegant Parrot");
insert  into `animal`(`id`,`name`) values (339,"Emerald Dove");
insert  into `animal`(`id`,`name`) values (340,"Emperor Penguin");
insert  into `animal`(`id`,`name`) values (341,"Emu");
insert  into `animal`(`id`,`name`) values (342,"Erect-crested Penguin");
insert  into `animal`(`id`,`name`) values (343,"Eungella Honeyeater");
insert  into `animal`(`id`,`name`) values (344,"Eurasian Coot");
insert  into `animal`(`id`,`name`) values (345,"Eurasian Skylark");
insert  into `animal`(`id`,`name`) values (346,"Eurasian Tree Sparrow");
insert  into `animal`(`id`,`name`) values (347,"European Goldfinch");
insert  into `animal`(`id`,`name`) values (348,"European Greenfinch");
insert  into `animal`(`id`,`name`) values (349,"Eyrean Grasswren");
insert  into `animal`(`id`,`name`) values (350,"Fairy Gerygone");
insert  into `animal`(`id`,`name`) values (351,"Fairy Martin");
insert  into `animal`(`id`,`name`) values (352,"Fairy Pitta");
insert  into `animal`(`id`,`name`) values (353,"Fairy Prion");
insert  into `animal`(`id`,`name`) values (354,"Fairy Tern");
insert  into `animal`(`id`,`name`) values (355,"Fan-tailed Cuckoo");
insert  into `animal`(`id`,`name`) values (356,"Fawn-breasted Bowerbird");
insert  into `animal`(`id`,`name`) values (357,"Fernwren");
insert  into `animal`(`id`,`name`) values (358,"Fiordland Penguin");
insert  into `animal`(`id`,`name`) values (359,"Flame Robin");
insert  into `animal`(`id`,`name`) values (360,"Flesh-footed Shearwater");
insert  into `animal`(`id`,`name`) values (361,"Flock Bronzewing");
insert  into `animal`(`id`,`name`) values (362,"Fluttering Shearwater");
insert  into `animal`(`id`,`name`) values (363,"Forest Kingfisher");
insert  into `animal`(`id`,`name`) values (364,"Forest Raven");
insert  into `animal`(`id`,`name`) values (365,"Fork-tailed Swift");
insert  into `animal`(`id`,`name`) values (366,"Forty-spotted Pardalote");
insert  into `animal`(`id`,`name`) values (367,"Franklin's Gull");
insert  into `animal`(`id`,`name`) values (368,"Freckled Duck");
insert  into `animal`(`id`,`name`) values (369,"Frilled Monarch");
insert  into `animal`(`id`,`name`) values (370,"Fulmar Prion");
insert  into `animal`(`id`,`name`) values (371,"Fuscous Honeyeater");
insert  into `animal`(`id`,`name`) values (372,"Galah");
insert  into `animal`(`id`,`name`) values (373,"Gang-gang Cockatoo");
insert  into `animal`(`id`,`name`) values (374,"Garganey");
insert  into `animal`(`id`,`name`) values (375,"Gentoo Penguin");
insert  into `animal`(`id`,`name`) values (376,"Gilbert's Whistler");
insert  into `animal`(`id`,`name`) values (377,"Glossy Black-Cockatoo");
insert  into `animal`(`id`,`name`) values (378,"Glossy Ibis");
insert  into `animal`(`id`,`name`) values (379,"Glossy Swiftlet");
insert  into `animal`(`id`,`name`) values (380,"Golden Bowerbird");
insert  into `animal`(`id`,`name`) values (381,"Golden Whistler");
insert  into `animal`(`id`,`name`) values (382,"Golden-headed Cisticola");
insert  into `animal`(`id`,`name`) values (383,"Golden-shouldered Parrot");
insert  into `animal`(`id`,`name`) values (384,"Gould's Petrel");
insert  into `animal`(`id`,`name`) values (385,"Gouldian Finch");
insert  into `animal`(`id`,`name`) values (386,"Graceful Honeyeater");
insert  into `animal`(`id`,`name`) values (387,"Great Bowerbird");
insert  into `animal`(`id`,`name`) values (388,"Great Cormorant");
insert  into `animal`(`id`,`name`) values (389,"Great Crested Grebe");
insert  into `animal`(`id`,`name`) values (390,"Great Frigatebird");
insert  into `animal`(`id`,`name`) values (391,"Great Knot");
insert  into `animal`(`id`,`name`) values (392,"Great Shearwater");
insert  into `animal`(`id`,`name`) values (393,"Great-billed Heron");
insert  into `animal`(`id`,`name`) values (394,"Great-winged Petrel");
insert  into `animal`(`id`,`name`) values (395,"Greater Sand Plover");
insert  into `animal`(`id`,`name`) values (396,"Green Catbird");
insert  into `animal`(`id`,`name`) values (397,"Green Junglefowl");
insert  into `animal`(`id`,`name`) values (398,"Green Pygmy-goose");
insert  into `animal`(`id`,`name`) values (399,"Green Rosella");
insert  into `animal`(`id`,`name`) values (400,"Green Sandpiper");
insert  into `animal`(`id`,`name`) values (401,"Green-backed Gerygone");
insert  into `animal`(`id`,`name`) values (402,"Green-backed Honeyeater");
insert  into `animal`(`id`,`name`) values (403,"Green-headed Yellow Wagtail");
insert  into `animal`(`id`,`name`) values (404,"Grey Butcherbird");
insert  into `animal`(`id`,`name`) values (405,"Grey Currawong");
insert  into `animal`(`id`,`name`) values (406,"Grey Falcon");
insert  into `animal`(`id`,`name`) values (407,"Grey Fantail");
insert  into `animal`(`id`,`name`) values (408,"Grey Goshawk");
insert  into `animal`(`id`,`name`) values (409,"Grey Grasswren");
insert  into `animal`(`id`,`name`) values (410,"Grey Heron");
insert  into `animal`(`id`,`name`) values (411,"Grey Honeyeater");
insert  into `animal`(`id`,`name`) values (412,"Grey Nightjar");
insert  into `animal`(`id`,`name`) values (413,"Grey Petrel");
insert  into `animal`(`id`,`name`) values (414,"Grey Phalarope");
insert  into `animal`(`id`,`name`) values (415,"Grey Plover");
insert  into `animal`(`id`,`name`) values (416,"Grey Shrike-thrush");
insert  into `animal`(`id`,`name`) values (417,"Grey Teal");
insert  into `animal`(`id`,`name`) values (418,"Grey Ternlet");
insert  into `animal`(`id`,`name`) values (419,"Grey Wagtail");
insert  into `animal`(`id`,`name`) values (420,"Grey Whistler");
insert  into `animal`(`id`,`name`) values (421,"Grey-backed Storm-Petrel");
insert  into `animal`(`id`,`name`) values (422,"Grey-crowned Babbler");
insert  into `animal`(`id`,`name`) values (423,"Grey-fronted Honeyeater");
insert  into `animal`(`id`,`name`) values (424,"Grey-headed Albatross");
insert  into `animal`(`id`,`name`) values (425,"Grey-headed Honeyeater");
insert  into `animal`(`id`,`name`) values (426,"Grey-headed Lapwing");
insert  into `animal`(`id`,`name`) values (427,"Grey-headed Robin");
insert  into `animal`(`id`,`name`) values (428,"Grey-tailed Tattler");
insert  into `animal`(`id`,`name`) values (429,"Ground Cuckoo-shrike");
insert  into `animal`(`id`,`name`) values (430,"Gull-billed Tern");
insert  into `animal`(`id`,`name`) values (431,"Gurney's Eagle");
insert  into `animal`(`id`,`name`) values (432,"Hall's Babbler");
insert  into `animal`(`id`,`name`) values (433,"Hardhead");
insert  into `animal`(`id`,`name`) values (434,"Helmeted Friarbird");
insert  into `animal`(`id`,`name`) values (435,"Helmeted Guineafowl");
insert  into `animal`(`id`,`name`) values (436,"Herald Petrel");
insert  into `animal`(`id`,`name`) values (437,"Hoary-headed Grebe");
insert  into `animal`(`id`,`name`) values (438,"Hooded Parrot");
insert  into `animal`(`id`,`name`) values (439,"Hooded Plover");
insert  into `animal`(`id`,`name`) values (440,"Hooded Robin");
insert  into `animal`(`id`,`name`) values (441,"Horsfield's Bronze Cuckoo");
insert  into `animal`(`id`,`name`) values (442,"Horsfield's Bushlark");
insert  into `animal`(`id`,`name`) values (443,"House Crow");
insert  into `animal`(`id`,`name`) values (444,"House Sparrow");
insert  into `animal`(`id`,`name`) values (445,"House Swift");
insert  into `animal`(`id`,`name`) values (446,"Hudsonian Godwit");
insert  into `animal`(`id`,`name`) values (447,"Hutton's Shearwater");
insert  into `animal`(`id`,`name`) values (448,"Imperial Shag");
insert  into `animal`(`id`,`name`) values (449,"Indian Peafowl");
insert  into `animal`(`id`,`name`) values (450,"Inland Dotterel");
insert  into `animal`(`id`,`name`) values (451,"Inland Thornbill");
insert  into `animal`(`id`,`name`) values (452,"Intermediate Egret");
insert  into `animal`(`id`,`name`) values (453,"Isabelline Wheatear");
insert  into `animal`(`id`,`name`) values (454,"Island Monarch");
insert  into `animal`(`id`,`name`) values (455,"Island Thrush");
insert  into `animal`(`id`,`name`) values (456,"Jacky Winter");
insert  into `animal`(`id`,`name`) values (457,"Java Sparrow");
insert  into `animal`(`id`,`name`) values (458,"Javan Pond Heron");
insert  into `animal`(`id`,`name`) values (459,"Jouanin's Petrel");
insert  into `animal`(`id`,`name`) values (460,"Juan Fernandez Petrel");
insert  into `animal`(`id`,`name`) values (461,"Kalkadoon Grasswren");
insert  into `animal`(`id`,`name`) values (462,"Kangaroo Island Emu");
insert  into `animal`(`id`,`name`) values (463,"Kelp Gull");
insert  into `animal`(`id`,`name`) values (464,"Kentish Plover");
insert  into `animal`(`id`,`name`) values (465,"Kerguelen Petrel");
insert  into `animal`(`id`,`name`) values (466,"Kerguelen Shag");
insert  into `animal`(`id`,`name`) values (467,"Kermadec Petrel");
insert  into `animal`(`id`,`name`) values (468,"Kimberley Honeyeater");
insert  into `animal`(`id`,`name`) values (469,"King Island Emu");
insert  into `animal`(`id`,`name`) values (470,"King Penguin");
insert  into `animal`(`id`,`name`) values (471,"King Quail");
insert  into `animal`(`id`,`name`) values (472,"Large Hawk-Cuckoo");
insert  into `animal`(`id`,`name`) values (473,"Large-billed Gerygone");
insert  into `animal`(`id`,`name`) values (474,"Large-billed Scrubwren");
insert  into `animal`(`id`,`name`) values (475,"Large-tailed Nightjar");
insert  into `animal`(`id`,`name`) values (476,"Latham's Snipe");
insert  into `animal`(`id`,`name`) values (477,"Laughing Dove");
insert  into `animal`(`id`,`name`) values (478,"Laughing Gull");
insert  into `animal`(`id`,`name`) values (479,"Laughing Kookaburra");
insert  into `animal`(`id`,`name`) values (480,"Laysan Albatross");
insert  into `animal`(`id`,`name`) values (481,"Leach's Storm-Petrel");
insert  into `animal`(`id`,`name`) values (482,"Leaden Flycatcher");
insert  into `animal`(`id`,`name`) values (483,"Lemon-bellied Flycatcher");
insert  into `animal`(`id`,`name`) values (484,"Lesser Black-backed Gull");
insert  into `animal`(`id`,`name`) values (485,"Lesser Coucal");
insert  into `animal`(`id`,`name`) values (486,"Lesser Crested Tern");
insert  into `animal`(`id`,`name`) values (487,"Lesser Frigatebird");
insert  into `animal`(`id`,`name`) values (488,"Lesser Noddy");
insert  into `animal`(`id`,`name`) values (489,"Lesser Sand Plover");
insert  into `animal`(`id`,`name`) values (490,"Lesser Yellowlegs");
insert  into `animal`(`id`,`name`) values (491,"Letter-winged Kite");
insert  into `animal`(`id`,`name`) values (492,"Lewin's Honeyeater");
insert  into `animal`(`id`,`name`) values (493,"Lewin's Rail");
insert  into `animal`(`id`,`name`) values (494,"Light-mantled Sooty Albatross");
insert  into `animal`(`id`,`name`) values (495,"Linchi Swiftlet");
insert  into `animal`(`id`,`name`) values (496,"Little Black Cormorant");
insert  into `animal`(`id`,`name`) values (497,"Little Bronze Cuckoo");
insert  into `animal`(`id`,`name`) values (498,"Little Button-quail");
insert  into `animal`(`id`,`name`) values (499,"Little Corella");
insert  into `animal`(`id`,`name`) values (500,"Little Crow");
insert  into `animal`(`id`,`name`) values (501,"Little Curlew");
insert  into `animal`(`id`,`name`) values (502,"Little Eagle");
insert  into `animal`(`id`,`name`) values (503,"Little Egret");
insert  into `animal`(`id`,`name`) values (504,"Little Friarbird");
insert  into `animal`(`id`,`name`) values (505,"Little Grassbird");
insert  into `animal`(`id`,`name`) values (506,"Little Grebe");
insert  into `animal`(`id`,`name`) values (507,"Little Kingfisher");
insert  into `animal`(`id`,`name`) values (508,"Little Lorikeet");
insert  into `animal`(`id`,`name`) values (509,"Little Paradise-kingfisher");
insert  into `animal`(`id`,`name`) values (510,"Little Penguin");
insert  into `animal`(`id`,`name`) values (511,"Little Pied Cormorant");
insert  into `animal`(`id`,`name`) values (512,"Little Raven");
insert  into `animal`(`id`,`name`) values (513,"Little Ringed Plover");
insert  into `animal`(`id`,`name`) values (514,"Little Shearwater");
insert  into `animal`(`id`,`name`) values (515,"Little Shrike-thrush");
insert  into `animal`(`id`,`name`) values (516,"Little Stint");
insert  into `animal`(`id`,`name`) values (517,"Little Tern");
insert  into `animal`(`id`,`name`) values (518,"Little Wattlebird");
insert  into `animal`(`id`,`name`) values (519,"Little Woodswallow");
insert  into `animal`(`id`,`name`) values (520,"Long-billed Corella");
insert  into `animal`(`id`,`name`) values (521,"Long-tailed Cuckoo");
insert  into `animal`(`id`,`name`) values (522,"Long-tailed Finch");
insert  into `animal`(`id`,`name`) values (523,"Long-tailed Jaeger");
insert  into `animal`(`id`,`name`) values (524,"Long-tailed Triller");
insert  into `animal`(`id`,`name`) values (525,"Long-toed Stint");
insert  into `animal`(`id`,`name`) values (526,"Lord Howe Gerygone");
insert  into `animal`(`id`,`name`) values (527,"Lord Howe Red-crowned Parakeet");
insert  into `animal`(`id`,`name`) values (528,"Lord Howe Woodhen");
insert  into `animal`(`id`,`name`) values (529,"Lovely Fairy-wren");
insert  into `animal`(`id`,`name`) values (530,"Macaroni Penguin");
insert  into `animal`(`id`,`name`) values (531,"Macleay's Honeyeater");
insert  into `animal`(`id`,`name`) values (532,"Magellanic Penguin");
insert  into `animal`(`id`,`name`) values (533,"Magnificent Riflebird");
insert  into `animal`(`id`,`name`) values (534,"Magpie Goose");
insert  into `animal`(`id`,`name`) values (535,"Magpie-Lark");
insert  into `animal`(`id`,`name`) values (536,"Major Mitchell's Cockatoo");
insert  into `animal`(`id`,`name`) values (537,"Malayan Night Heron");
insert  into `animal`(`id`,`name`) values (538,"Mallee Emu-wren");
insert  into `animal`(`id`,`name`) values (539,"Malleefowl");
insert  into `animal`(`id`,`name`) values (540,"Mangrove Gerygone");
insert  into `animal`(`id`,`name`) values (541,"Mangrove Golden Whistler");
insert  into `animal`(`id`,`name`) values (542,"Mangrove Grey Fantail");
insert  into `animal`(`id`,`name`) values (543,"Mangrove Honeyeater");
insert  into `animal`(`id`,`name`) values (544,"Mangrove Robin");
insert  into `animal`(`id`,`name`) values (545,"Manx Shearwater");
insert  into `animal`(`id`,`name`) values (546,"Marbled Frogmouth");
insert  into `animal`(`id`,`name`) values (547,"Marsh Sandpiper");
insert  into `animal`(`id`,`name`) values (548,"Masked Booby");
insert  into `animal`(`id`,`name`) values (549,"Masked Finch");
insert  into `animal`(`id`,`name`) values (550,"Masked Lapwing");
insert  into `animal`(`id`,`name`) values (551,"Masked Owl");
insert  into `animal`(`id`,`name`) values (552,"Masked Woodswallow");
insert  into `animal`(`id`,`name`) values (553,"Matsudaira's Storm-Petrel");
insert  into `animal`(`id`,`name`) values (554,"Metallic Starling");
insert  into `animal`(`id`,`name`) values (555,"Mew Gull");
insert  into `animal`(`id`,`name`) values (556,"Middendorff's Grasshopper-warbler");
insert  into `animal`(`id`,`name`) values (557,"Mistletoebird");
insert  into `animal`(`id`,`name`) values (558,"Mottled Petrel");
insert  into `animal`(`id`,`name`) values (559,"Mountain Thornbill");
insert  into `animal`(`id`,`name`) values (560,"Mulga Parrot");
insert  into `animal`(`id`,`name`) values (561,"Musk Duck");
insert  into `animal`(`id`,`name`) values (562,"Musk Lorikeet");
insert  into `animal`(`id`,`name`) values (563,"Mute Swan");
insert  into `animal`(`id`,`name`) values (564,"Nankeen Kestrel");
insert  into `animal`(`id`,`name`) values (565,"Nankeen Night Heron");
insert  into `animal`(`id`,`name`) values (566,"Narcissus Flycatcher");
insert  into `animal`(`id`,`name`) values (567,"New Holland Honeyeater");
insert  into `animal`(`id`,`name`) values (568,"New Zealand Fantail");
insert  into `animal`(`id`,`name`) values (569,"New Zealand Pigeon");
insert  into `animal`(`id`,`name`) values (570,"Newell's Shearwater");
insert  into `animal`(`id`,`name`) values (571,"Night Parrot");
insert  into `animal`(`id`,`name`) values (572,"Noisy Friarbird");
insert  into `animal`(`id`,`name`) values (573,"Noisy Miner");
insert  into `animal`(`id`,`name`) values (574,"Noisy Pitta");
insert  into `animal`(`id`,`name`) values (575,"Noisy Scrub-bird");
insert  into `animal`(`id`,`name`) values (576,"Nordmann's Greenshank");
insert  into `animal`(`id`,`name`) values (577,"Norfolk Island Gerygone");
insert  into `animal`(`id`,`name`) values (578,"Norfolk Island Green Parrot");
insert  into `animal`(`id`,`name`) values (579,"Norfolk Island Ground-Dove");
insert  into `animal`(`id`,`name`) values (580,"Norfolk Island Kaka");
insert  into `animal`(`id`,`name`) values (581,"Northern Fantail");
insert  into `animal`(`id`,`name`) values (582,"Northern Giant-Petrel");
insert  into `animal`(`id`,`name`) values (583,"Northern Mallard");
insert  into `animal`(`id`,`name`) values (584,"Northern Pintail");
insert  into `animal`(`id`,`name`) values (585,"Northern Rosella");
insert  into `animal`(`id`,`name`) values (586,"Northern Scrub-robin");
insert  into `animal`(`id`,`name`) values (587,"Northern Shoveler");
insert  into `animal`(`id`,`name`) values (588,"Nutmeg Mannikin");
insert  into `animal`(`id`,`name`) values (589,"Olive Whistler");
insert  into `animal`(`id`,`name`) values (590,"Olive-backed Oriole");
insert  into `animal`(`id`,`name`) values (591,"Olive-backed Sunbird");
insert  into `animal`(`id`,`name`) values (592,"Orange-bellied Fruit-Dove");
insert  into `animal`(`id`,`name`) values (593,"Orange-bellied Parrot");
insert  into `animal`(`id`,`name`) values (594,"Orange-footed Scrubfowl");
insert  into `animal`(`id`,`name`) values (595,"Oriental Cuckoo");
insert  into `animal`(`id`,`name`) values (596,"Oriental Honey-buzzard");
insert  into `animal`(`id`,`name`) values (597,"Oriental Plover");
insert  into `animal`(`id`,`name`) values (598,"Oriental Pratincole");
insert  into `animal`(`id`,`name`) values (599,"Oriental Reed-Warbler");
insert  into `animal`(`id`,`name`) values (600,"Pacific Baza");
insert  into `animal`(`id`,`name`) values (601,"Pacific Black Duck");
insert  into `animal`(`id`,`name`) values (602,"Pacific Golden Plover");
insert  into `animal`(`id`,`name`) values (603,"Pacific Gull");
insert  into `animal`(`id`,`name`) values (604,"Pacific Robin");
insert  into `animal`(`id`,`name`) values (605,"Painted Button-quail");
insert  into `animal`(`id`,`name`) values (606,"Painted Finch");
insert  into `animal`(`id`,`name`) values (607,"Painted Honeyeater");
insert  into `animal`(`id`,`name`) values (608,"Pale White-eye");
insert  into `animal`(`id`,`name`) values (609,"Pale-headed Munia");
insert  into `animal`(`id`,`name`) values (610,"Pale-headed Rosella");
insert  into `animal`(`id`,`name`) values (611,"Pale-vented Bush-hen");
insert  into `animal`(`id`,`name`) values (612,"Pale-yellow Robin");
insert  into `animal`(`id`,`name`) values (613,"Pallas's Grasshopper-warbler");
insert  into `animal`(`id`,`name`) values (614,"Pallid Cuckoo");
insert  into `animal`(`id`,`name`) values (615,"Palm Cockatoo");
insert  into `animal`(`id`,`name`) values (616,"Papuan Frogmouth");
insert  into `animal`(`id`,`name`) values (617,"Papuan Spine-tailed Swift");
insert  into `animal`(`id`,`name`) values (618,"Paradise Parrot");
insert  into `animal`(`id`,`name`) values (619,"Paradise Riflebird");
insert  into `animal`(`id`,`name`) values (620,"Paradise Shelduck");
insert  into `animal`(`id`,`name`) values (621,"Partridge Pigeon");
insert  into `animal`(`id`,`name`) values (622,"Peaceful Dove");
insert  into `animal`(`id`,`name`) values (623,"Pechora Pipit");
insert  into `animal`(`id`,`name`) values (624,"Pectoral Sandpiper");
insert  into `animal`(`id`,`name`) values (625,"Peregrine Falcon");
insert  into `animal`(`id`,`name`) values (626,"Pheasant Coucal");
insert  into `animal`(`id`,`name`) values (627,"Pheasant-tailed Jacana");
insert  into `animal`(`id`,`name`) values (628,"Pictorella Mannikin");
insert  into `animal`(`id`,`name`) values (629,"Pied Butcherbird");
insert  into `animal`(`id`,`name`) values (630,"Pied Cormorant");
insert  into `animal`(`id`,`name`) values (631,"Pied Currawong");
insert  into `animal`(`id`,`name`) values (632,"Pied Heron");
insert  into `animal`(`id`,`name`) values (633,"Pied Honeyeater");
insert  into `animal`(`id`,`name`) values (634,"Pied Monarch");
insert  into `animal`(`id`,`name`) values (635,"Pilotbird");
insert  into `animal`(`id`,`name`) values (636,"Pin-tailed Snipe");
insert  into `animal`(`id`,`name`) values (637,"Pink Robin");
insert  into `animal`(`id`,`name`) values (638,"Pink-eared Duck");
insert  into `animal`(`id`,`name`) values (639,"Pink-footed Shearwater");
insert  into `animal`(`id`,`name`) values (640,"Plains Wanderer");
insert  into `animal`(`id`,`name`) values (641,"Plum-headed Finch");
insert  into `animal`(`id`,`name`) values (642,"Plumed Whistling-Duck");
insert  into `animal`(`id`,`name`) values (643,"Polynesian Storm-petrel");
insert  into `animal`(`id`,`name`) values (644,"Pomarine Jaeger");
insert  into `animal`(`id`,`name`) values (645,"Powerful Owl");
insert  into `animal`(`id`,`name`) values (646,"Princess Parrot");
insert  into `animal`(`id`,`name`) values (647,"Providence Petrel");
insert  into `animal`(`id`,`name`) values (648,"Purple Swamphen");
insert  into `animal`(`id`,`name`) values (649,"Purple-backed Starling");
insert  into `animal`(`id`,`name`) values (650,"Purple-crowned Fairy-wren");
insert  into `animal`(`id`,`name`) values (651,"Purple-crowned Lorikeet");
insert  into `animal`(`id`,`name`) values (652,"Purple-gaped Honeyeater");
insert  into `animal`(`id`,`name`) values (653,"Radjah Shelduck");
insert  into `animal`(`id`,`name`) values (654,"Rainbow Bee-eater");
insert  into `animal`(`id`,`name`) values (655,"Rainbow Lorikeet");
insert  into `animal`(`id`,`name`) values (656,"Rainbow Pitta");
insert  into `animal`(`id`,`name`) values (657,"Red Collared Dove");
insert  into `animal`(`id`,`name`) values (658,"Red Goshawk");
insert  into `animal`(`id`,`name`) values (659,"Red Junglefowl");
insert  into `animal`(`id`,`name`) values (660,"Red Knot");
insert  into `animal`(`id`,`name`) values (661,"Red Wattlebird");
insert  into `animal`(`id`,`name`) values (662,"Red-backed Button-quail");
insert  into `animal`(`id`,`name`) values (663,"Red-backed Fairy-wren");
insert  into `animal`(`id`,`name`) values (664,"Red-backed Kingfisher");
insert  into `animal`(`id`,`name`) values (665,"Red-bellied Pitta");
insert  into `animal`(`id`,`name`) values (666,"Red-browed Finch");
insert  into `animal`(`id`,`name`) values (667,"Red-browed Pardalote");
insert  into `animal`(`id`,`name`) values (668,"Red-browed Treecreeper");
insert  into `animal`(`id`,`name`) values (669,"Red-capped Flowerpecker");
insert  into `animal`(`id`,`name`) values (670,"Red-capped Parrot");
insert  into `animal`(`id`,`name`) values (671,"Red-capped Plover");
insert  into `animal`(`id`,`name`) values (672,"Red-capped Robin");
insert  into `animal`(`id`,`name`) values (673,"Red-cheeked Parrot");
insert  into `animal`(`id`,`name`) values (674,"Red-chested Button-quail");
insert  into `animal`(`id`,`name`) values (675,"Red-eared Firetail");
insert  into `animal`(`id`,`name`) values (676,"Red-footed Booby");
insert  into `animal`(`id`,`name`) values (677,"Red-fronted Parakeet");
insert  into `animal`(`id`,`name`) values (678,"Red-headed Honeyeater");
insert  into `animal`(`id`,`name`) values (679,"Red-kneed Dotterel");
insert  into `animal`(`id`,`name`) values (680,"Red-legged Crake");
insert  into `animal`(`id`,`name`) values (681,"Red-lored Whistler");
insert  into `animal`(`id`,`name`) values (682,"Red-necked Avocet");
insert  into `animal`(`id`,`name`) values (683,"Red-necked Crake");
insert  into `animal`(`id`,`name`) values (684,"Red-necked Phalarope");
insert  into `animal`(`id`,`name`) values (685,"Red-necked Stint");
insert  into `animal`(`id`,`name`) values (686,"Red-rumped Parrot");
insert  into `animal`(`id`,`name`) values (687,"Red-rumped Swallow");
insert  into `animal`(`id`,`name`) values (688,"Red-tailed Black-Cockatoo");
insert  into `animal`(`id`,`name`) values (689,"Red-tailed Tropicbird");
insert  into `animal`(`id`,`name`) values (690,"Red-throated Pipit");
insert  into `animal`(`id`,`name`) values (691,"Red-whiskered Bulbul");
insert  into `animal`(`id`,`name`) values (692,"Red-winged Fairy-wren");
insert  into `animal`(`id`,`name`) values (693,"Red-winged Parrot");
insert  into `animal`(`id`,`name`) values (694,"Redthroat");
insert  into `animal`(`id`,`name`) values (695,"Regent Bowerbird");
insert  into `animal`(`id`,`name`) values (696,"Regent Honeyeater");
insert  into `animal`(`id`,`name`) values (697,"Regent Parrot");
insert  into `animal`(`id`,`name`) values (698,"Restless Flycatcher");
insert  into `animal`(`id`,`name`) values (699,"Ringed Plover");
insert  into `animal`(`id`,`name`) values (700,"Robust White-eye");
insert  into `animal`(`id`,`name`) values (701,"Rock Parrot");
insert  into `animal`(`id`,`name`) values (702,"Rock Pigeon");
insert  into `animal`(`id`,`name`) values (703,"Rockhopper Penguin");
insert  into `animal`(`id`,`name`) values (704,"Rockwarbler");
insert  into `animal`(`id`,`name`) values (705,"Rose Robin");
insert  into `animal`(`id`,`name`) values (706,"Rose-crowned Fruit-Dove");
insert  into `animal`(`id`,`name`) values (707,"Roseate Tern");
insert  into `animal`(`id`,`name`) values (708,"Rosy Starling");
insert  into `animal`(`id`,`name`) values (709,"Royal Albatross");
insert  into `animal`(`id`,`name`) values (710,"Royal Spoonbill");
insert  into `animal`(`id`,`name`) values (711,"Ruddy Turnstone");
insert  into `animal`(`id`,`name`) values (712,"Ruddy-breasted Crake");
insert  into `animal`(`id`,`name`) values (713,"Ruff");
insert  into `animal`(`id`,`name`) values (714,"Rufous Bristlebird");
insert  into `animal`(`id`,`name`) values (715,"Rufous Fantail");
insert  into `animal`(`id`,`name`) values (716,"Rufous Fieldwren");
insert  into `animal`(`id`,`name`) values (717,"Rufous Owl");
insert  into `animal`(`id`,`name`) values (718,"Rufous Scrub-bird");
insert  into `animal`(`id`,`name`) values (719,"Rufous Songlark");
insert  into `animal`(`id`,`name`) values (720,"Rufous Treecreeper");
insert  into `animal`(`id`,`name`) values (721,"Rufous Whistler");
insert  into `animal`(`id`,`name`) values (722,"Rufous-banded Honeyeater");
insert  into `animal`(`id`,`name`) values (723,"Rufous-crowned Emu-wren");
insert  into `animal`(`id`,`name`) values (724,"Rufous-throated Honeyeater");
insert  into `animal`(`id`,`name`) values (725,"Russet-tailed Thrush");
insert  into `animal`(`id`,`name`) values (726,"Sabine's Gull");
insert  into `animal`(`id`,`name`) values (727,"Sacred Kingfisher");
insert  into `animal`(`id`,`name`) values (728,"Salvin's Prion");
insert  into `animal`(`id`,`name`) values (729,"Sanderling");
insert  into `animal`(`id`,`name`) values (730,"Sandstone Shrike-thrush");
insert  into `animal`(`id`,`name`) values (731,"Sarus Crane");
insert  into `animal`(`id`,`name`) values (732,"Satin Bowerbird");
insert  into `animal`(`id`,`name`) values (733,"Satin Flycatcher");
insert  into `animal`(`id`,`name`) values (734,"Savanna Nightjar");
insert  into `animal`(`id`,`name`) values (735,"Scaly-breasted Lorikeet");
insert  into `animal`(`id`,`name`) values (736,"Scarlet Honeyeater");
insert  into `animal`(`id`,`name`) values (737,"Scarlet Robin");
insert  into `animal`(`id`,`name`) values (738,"Scarlet-chested Parrot");
insert  into `animal`(`id`,`name`) values (739,"Schrenck's Bittern");
insert  into `animal`(`id`,`name`) values (740,"Scrubtit");
insert  into `animal`(`id`,`name`) values (741,"Sharp-tailed Sandpiper");
insert  into `animal`(`id`,`name`) values (742,"Shining Bronze Cuckoo");
insert  into `animal`(`id`,`name`) values (743,"Shining Flycatcher");
insert  into `animal`(`id`,`name`) values (744,"Short-billed Dowitcher");
insert  into `animal`(`id`,`name`) values (745,"Short-tailed Grasswren");
insert  into `animal`(`id`,`name`) values (746,"Short-tailed Shearwater");
insert  into `animal`(`id`,`name`) values (747,"Shy Albatross");
insert  into `animal`(`id`,`name`) values (748,"Shy Heathwren");
insert  into `animal`(`id`,`name`) values (749,"Silver Gull");
insert  into `animal`(`id`,`name`) values (750,"Silver-crowned Friarbird");
insert  into `animal`(`id`,`name`) values (751,"Silvereye");
insert  into `animal`(`id`,`name`) values (752,"Singing Honeyeater");
insert  into `animal`(`id`,`name`) values (753,"Singing Starling");
insert  into `animal`(`id`,`name`) values (754,"Slaty-backed Thornbill");
insert  into `animal`(`id`,`name`) values (755,"Slender-billed Prion");
insert  into `animal`(`id`,`name`) values (756,"Slender-billed Thornbill");
insert  into `animal`(`id`,`name`) values (757,"Slender-billed White-eye");
insert  into `animal`(`id`,`name`) values (758,"Snow Petrel");
insert  into `animal`(`id`,`name`) values (759,"Soft-plumaged Petrel");
insert  into `animal`(`id`,`name`) values (760,"Song Thrush");
insert  into `animal`(`id`,`name`) values (761,"Sooty Albatross");
insert  into `animal`(`id`,`name`) values (762,"Sooty Owl");
insert  into `animal`(`id`,`name`) values (763,"Sooty Oystercatcher");
insert  into `animal`(`id`,`name`) values (764,"Sooty Shearwater");
insert  into `animal`(`id`,`name`) values (765,"Sooty Tern");
insert  into `animal`(`id`,`name`) values (766,"South Georgian Diving-Petrel");
insert  into `animal`(`id`,`name`) values (767,"South Island Pied Oystercatcher");
insert  into `animal`(`id`,`name`) values (768,"South Polar Skua");
insert  into `animal`(`id`,`name`) values (769,"Southern Boobook");
insert  into `animal`(`id`,`name`) values (770,"Southern Cassowary");
insert  into `animal`(`id`,`name`) values (771,"Southern Emu-wren");
insert  into `animal`(`id`,`name`) values (772,"Southern Fulmar");
insert  into `animal`(`id`,`name`) values (773,"Southern Giant-Petrel");
insert  into `animal`(`id`,`name`) values (774,"Southern Scrub-robin");
insert  into `animal`(`id`,`name`) values (775,"Southern Whiteface");
insert  into `animal`(`id`,`name`) values (776,"Spangled Drongo");
insert  into `animal`(`id`,`name`) values (777,"Speckled Warbler");
insert  into `animal`(`id`,`name`) values (778,"Spectacled Monarch");
insert  into `animal`(`id`,`name`) values (779,"Spinifex Pigeon");
insert  into `animal`(`id`,`name`) values (780,"Spinifexbird");
insert  into `animal`(`id`,`name`) values (781,"Spiny-cheeked Honeyeater");
insert  into `animal`(`id`,`name`) values (782,"Splendid Fairy-wren");
insert  into `animal`(`id`,`name`) values (783,"Spotless Crake");
insert  into `animal`(`id`,`name`) values (784,"Spotted Bowerbird");
insert  into `animal`(`id`,`name`) values (785,"Spotted Catbird");
insert  into `animal`(`id`,`name`) values (786,"Spotted Dove");
insert  into `animal`(`id`,`name`) values (787,"Spotted Harrier");
insert  into `animal`(`id`,`name`) values (788,"Spotted Nightjar");
insert  into `animal`(`id`,`name`) values (789,"Spotted Pardalote");
insert  into `animal`(`id`,`name`) values (790,"Spotted Quail-thrush");
insert  into `animal`(`id`,`name`) values (791,"Spotted Redshank");
insert  into `animal`(`id`,`name`) values (792,"Spotted Whistling-Duck");
insert  into `animal`(`id`,`name`) values (793,"Square-tailed Kite");
insert  into `animal`(`id`,`name`) values (794,"Squatter Pigeon");
insert  into `animal`(`id`,`name`) values (795,"Star Finch");
insert  into `animal`(`id`,`name`) values (796,"Stilt Sandpiper");
insert  into `animal`(`id`,`name`) values (797,"Straw-necked Ibis");
insert  into `animal`(`id`,`name`) values (798,"Streaked Shearwater");
insert  into `animal`(`id`,`name`) values (799,"Striated Fieldwren");
insert  into `animal`(`id`,`name`) values (800,"Striated Grasswren");
insert  into `animal`(`id`,`name`) values (801,"Striated Heron");
insert  into `animal`(`id`,`name`) values (802,"Striated Pardalote");
insert  into `animal`(`id`,`name`) values (803,"Striated Thornbill");
insert  into `animal`(`id`,`name`) values (804,"Striped Honeyeater");
insert  into `animal`(`id`,`name`) values (805,"Strong-billed Honeyeater");
insert  into `animal`(`id`,`name`) values (806,"Stubble Quail");
insert  into `animal`(`id`,`name`) values (807,"Sulphur-crested Cockatoo");
insert  into `animal`(`id`,`name`) values (808,"Superb Fairy-wren");
insert  into `animal`(`id`,`name`) values (809,"Superb Fruit-Dove");
insert  into `animal`(`id`,`name`) values (810,"Superb Lyrebird");
insert  into `animal`(`id`,`name`) values (811,"Superb Parrot");
insert  into `animal`(`id`,`name`) values (812,"Swamp Harrier");
insert  into `animal`(`id`,`name`) values (813,"Swift Parrot");
insert  into `animal`(`id`,`name`) values (814,"Swinhoe's Snipe");
insert  into `animal`(`id`,`name`) values (815,"Swinhoe's Storm-Petrel");
insert  into `animal`(`id`,`name`) values (816,"Tahiti Petrel");
insert  into `animal`(`id`,`name`) values (817,"Tasman Parakeet");
insert  into `animal`(`id`,`name`) values (818,"Tasman Starling");
insert  into `animal`(`id`,`name`) values (819,"Tasmanian Native-hen");
insert  into `animal`(`id`,`name`) values (820,"Tasmanian Scrubwren");
insert  into `animal`(`id`,`name`) values (821,"Tasmanian Thornbill");
insert  into `animal`(`id`,`name`) values (822,"Tawny Frogmouth");
insert  into `animal`(`id`,`name`) values (823,"Tawny Grassbird");
insert  into `animal`(`id`,`name`) values (824,"Tawny-breasted Honeyeater");
insert  into `animal`(`id`,`name`) values (825,"Tawny-crowned Honeyeater");
insert  into `animal`(`id`,`name`) values (826,"Terek Sandpiper");
insert  into `animal`(`id`,`name`) values (827,"Thick-billed Grasswren");
insert  into `animal`(`id`,`name`) values (828,"Tiger Shrike");
insert  into `animal`(`id`,`name`) values (829,"Tooth-billed Bowerbird");
insert  into `animal`(`id`,`name`) values (830,"Topknot Pigeon");
insert  into `animal`(`id`,`name`) values (831,"Torresian Crow");
insert  into `animal`(`id`,`name`) values (832,"Torresian Imperial-pigeon");
insert  into `animal`(`id`,`name`) values (833,"Tree Martin");
insert  into `animal`(`id`,`name`) values (834,"Tristram's Storm-Petrel");
insert  into `animal`(`id`,`name`) values (835,"Tropical Scrubwren");
insert  into `animal`(`id`,`name`) values (836,"Trumpet Manucode");
insert  into `animal`(`id`,`name`) values (837,"Turquoise Parrot");
insert  into `animal`(`id`,`name`) values (838,"Uniform Swiftlet");
insert  into `animal`(`id`,`name`) values (839,"Upland Sandpiper");
insert  into `animal`(`id`,`name`) values (840,"Vanuatu Petrel");
insert  into `animal`(`id`,`name`) values (841,"Variable Goshawk");
insert  into `animal`(`id`,`name`) values (842,"Varied Honeyeater");
insert  into `animal`(`id`,`name`) values (843,"Varied Lorikeet");
insert  into `animal`(`id`,`name`) values (844,"Varied Sittella");
insert  into `animal`(`id`,`name`) values (845,"Varied Triller");
insert  into `animal`(`id`,`name`) values (846,"Variegated Fairy-wren");
insert  into `animal`(`id`,`name`) values (847,"Victoria's Riflebird");
insert  into `animal`(`id`,`name`) values (848,"Wandering Albatross");
insert  into `animal`(`id`,`name`) values (849,"Wandering Tattler");
insert  into `animal`(`id`,`name`) values (850,"Wandering Whistling-Duck");
insert  into `animal`(`id`,`name`) values (851,"Watercock");
insert  into `animal`(`id`,`name`) values (852,"Wedge-tailed Eagle");
insert  into `animal`(`id`,`name`) values (853,"Wedge-tailed Shearwater");
insert  into `animal`(`id`,`name`) values (854,"Weebill");
insert  into `animal`(`id`,`name`) values (855,"Welcome Swallow");
insert  into `animal`(`id`,`name`) values (856,"Western Bowerbird");
insert  into `animal`(`id`,`name`) values (857,"Western Bristlebird");
insert  into `animal`(`id`,`name`) values (858,"Western Corella");
insert  into `animal`(`id`,`name`) values (859,"Western Gerygone");
insert  into `animal`(`id`,`name`) values (860,"Western Ground Parrot");
insert  into `animal`(`id`,`name`) values (861,"Western Rosella");
insert  into `animal`(`id`,`name`) values (862,"Western Spinebill");
insert  into `animal`(`id`,`name`) values (863,"Western Thornbill");
insert  into `animal`(`id`,`name`) values (864,"Western Wattlebird");
insert  into `animal`(`id`,`name`) values (865,"Western Whipbird");
insert  into `animal`(`id`,`name`) values (866,"Western Yellow Robin");
insert  into `animal`(`id`,`name`) values (867,"Westland Petrel");
insert  into `animal`(`id`,`name`) values (868,"Whimbrel");
insert  into `animal`(`id`,`name`) values (869,"Whiskered Tern");
insert  into `animal`(`id`,`name`) values (870,"Whistling Kite");
insert  into `animal`(`id`,`name`) values (871,"White Gallinule");
insert  into `animal`(`id`,`name`) values (872,"White Tern");
insert  into `animal`(`id`,`name`) values (873,"White Wagtail");
insert  into `animal`(`id`,`name`) values (874,"White-backed Swallow");
insert  into `animal`(`id`,`name`) values (875,"White-bellied Cuckoo-shrike");
insert  into `animal`(`id`,`name`) values (876,"White-bellied Sea-Eagle");
insert  into `animal`(`id`,`name`) values (877,"White-bellied Storm-Petrel");
insert  into `animal`(`id`,`name`) values (878,"White-breasted Robin");
insert  into `animal`(`id`,`name`) values (879,"White-breasted Waterhen");
insert  into `animal`(`id`,`name`) values (880,"White-breasted Whistler");
insert  into `animal`(`id`,`name`) values (881,"White-breasted Woodswallow");
insert  into `animal`(`id`,`name`) values (882,"White-browed Babbler");
insert  into `animal`(`id`,`name`) values (883,"White-browed Crake");
insert  into `animal`(`id`,`name`) values (884,"White-browed Robin");
insert  into `animal`(`id`,`name`) values (885,"White-browed Scrubwren");
insert  into `animal`(`id`,`name`) values (886,"White-browed Treecreeper");
insert  into `animal`(`id`,`name`) values (887,"White-browed Woodswallow");
insert  into `animal`(`id`,`name`) values (888,"White-cheeked Honeyeater");
insert  into `animal`(`id`,`name`) values (889,"White-chested White-eye");
insert  into `animal`(`id`,`name`) values (890,"White-chinned Petrel");
insert  into `animal`(`id`,`name`) values (891,"White-eared Honeyeater");
insert  into `animal`(`id`,`name`) values (892,"White-eared Monarch");
insert  into `animal`(`id`,`name`) values (893,"White-faced Heron");
insert  into `animal`(`id`,`name`) values (894,"White-faced Robin");
insert  into `animal`(`id`,`name`) values (895,"White-faced Storm-Petrel");
insert  into `animal`(`id`,`name`) values (896,"White-fronted Honeyeater");
insert  into `animal`(`id`,`name`) values (897,"White-fronted Tern");
insert  into `animal`(`id`,`name`) values (898,"White-gaped Honeyeater");
insert  into `animal`(`id`,`name`) values (899,"White-headed Petrel");
insert  into `animal`(`id`,`name`) values (900,"White-headed Pigeon");
insert  into `animal`(`id`,`name`) values (901,"White-lined Honeyeater");
insert  into `animal`(`id`,`name`) values (902,"White-naped Honeyeater");
insert  into `animal`(`id`,`name`) values (903,"White-necked Heron");
insert  into `animal`(`id`,`name`) values (904,"White-necked Petrel");
insert  into `animal`(`id`,`name`) values (905,"White-plumed Honeyeater");
insert  into `animal`(`id`,`name`) values (906,"White-quilled Rock-Pigeon");
insert  into `animal`(`id`,`name`) values (907,"White-rumped Sandpiper");
insert  into `animal`(`id`,`name`) values (908,"White-streaked Honeyeater");
insert  into `animal`(`id`,`name`) values (909,"White-tailed Tropicbird");
insert  into `animal`(`id`,`name`) values (910,"White-throated Gerygone");
insert  into `animal`(`id`,`name`) values (911,"White-throated Grasswren");
insert  into `animal`(`id`,`name`) values (912,"White-throated Honeyeater");
insert  into `animal`(`id`,`name`) values (913,"White-throated Needletail");
insert  into `animal`(`id`,`name`) values (914,"White-throated Nightjar");
insert  into `animal`(`id`,`name`) values (915,"White-throated Pigeon");
insert  into `animal`(`id`,`name`) values (916,"White-throated Treecreeper");
insert  into `animal`(`id`,`name`) values (917,"White-winged Black Tern");
insert  into `animal`(`id`,`name`) values (918,"White-winged Chough");
insert  into `animal`(`id`,`name`) values (919,"White-winged Fairy-wren");
insert  into `animal`(`id`,`name`) values (920,"White-winged Triller");
insert  into `animal`(`id`,`name`) values (921,"Wild Turkey");
insert  into `animal`(`id`,`name`) values (922,"Willie Wagtail");
insert  into `animal`(`id`,`name`) values (923,"Wilson's Phalarope");
insert  into `animal`(`id`,`name`) values (924,"Wilson's Storm-Petrel");
insert  into `animal`(`id`,`name`) values (925,"Wompoo Fruit-Dove");
insert  into `animal`(`id`,`name`) values (926,"Wonga Pigeon");
insert  into `animal`(`id`,`name`) values (927,"Wood Sandpiper");
insert  into `animal`(`id`,`name`) values (928,"Yellow Bittern");
insert  into `animal`(`id`,`name`) values (929,"Yellow Honeyeater");
insert  into `animal`(`id`,`name`) values (930,"Yellow Oriole");
insert  into `animal`(`id`,`name`) values (931,"Yellow Thornbill");
insert  into `animal`(`id`,`name`) values (932,"Yellow Wattlebird");
insert  into `animal`(`id`,`name`) values (933,"Yellow White-eye");
insert  into `animal`(`id`,`name`) values (934,"Yellow-billed Kingfisher");
insert  into `animal`(`id`,`name`) values (935,"Yellow-billed Spoonbill");
insert  into `animal`(`id`,`name`) values (936,"Yellow-breasted Boatbill");
insert  into `animal`(`id`,`name`) values (937,"Yellow-faced Honeyeater");
insert  into `animal`(`id`,`name`) values (938,"Yellow-legged Flycatcher");
insert  into `animal`(`id`,`name`) values (939,"Yellow-nosed Albatross");
insert  into `animal`(`id`,`name`) values (940,"Yellow-plumed Honeyeater");
insert  into `animal`(`id`,`name`) values (941,"Yellow-rumped Mannikin");
insert  into `animal`(`id`,`name`) values (942,"Yellow-rumped Thornbill");
insert  into `animal`(`id`,`name`) values (943,"Yellow-spotted Honeyeater");
insert  into `animal`(`id`,`name`) values (944,"Yellow-tailed Black-Cockatoo");
insert  into `animal`(`id`,`name`) values (945,"Yellow-throated Honeyeater");
insert  into `animal`(`id`,`name`) values (946,"Yellow-throated Miner");
insert  into `animal`(`id`,`name`) values (947,"Yellow-throated Scrubwren");
insert  into `animal`(`id`,`name`) values (948,"Yellow-tinted Honeyeater");
insert  into `animal`(`id`,`name`) values (949,"Yellow-tufted Honeyeater");
insert  into `animal`(`id`,`name`) values (950,"Yellowhammer");
insert  into `animal`(`id`,`name`) values (951,"Zebra Finch");
insert  into `animal`(`id`,`name`) values (952,"Zitting Cisticola");
insert  into `animal`(`id`,`name`) values (953,"Agile Antechinus");
insert  into `animal`(`id`,`name`) values (954,"Agile Wallaby");
insert  into `animal`(`id`,`name`) values (955,"Alexandria False Antechinus");
insert  into `animal`(`id`,`name`) values (956,"Allied Rock-wallaby");
insert  into `animal`(`id`,`name`) values (957,"Antilopine Kangaroo");
insert  into `animal`(`id`,`name`) values (958,"Atherton Antechinus");
insert  into `animal`(`id`,`name`) values (959,"Banded Hare-wallaby");
insert  into `animal`(`id`,`name`) values (960,"Bennett's Tree-kangaroo");
insert  into `animal`(`id`,`name`) values (961,"Bilby");
insert  into `animal`(`id`,`name`) values (962,"Black Wallaroo");
insert  into `animal`(`id`,`name`) values (963,"Black-flanked Rock-wallaby");
insert  into `animal`(`id`,`name`) values (964,"Black-striped Wallaby");
insert  into `animal`(`id`,`name`) values (965,"Boullanger Island Dunnart");
insert  into `animal`(`id`,`name`) values (966,"Bridled Nail-tail Wallaby");
insert  into `animal`(`id`,`name`) values (967,"Broad-faced Potoroo");
insert  into `animal`(`id`,`name`) values (968,"Brown Antechinus");
insert  into `animal`(`id`,`name`) values (969,"Brush-tailed Mulgara");
insert  into `animal`(`id`,`name`) values (970,"Brush-tailed Phascogale");
insert  into `animal`(`id`,`name`) values (971,"Brush-tailed Rock-wallaby");
insert  into `animal`(`id`,`name`) values (972,"Burrowing Bettong");
insert  into `animal`(`id`,`name`) values (973,"Cape York Rock-wallaby");
insert  into `animal`(`id`,`name`) values (974,"Carpentarian Dunnart");
insert  into `animal`(`id`,`name`) values (975,"Central Hare-wallaby");
insert  into `animal`(`id`,`name`) values (976,"Chestnut Dunnart");
insert  into `animal`(`id`,`name`) values (977,"Cinnamon Antechinus");
insert  into `animal`(`id`,`name`) values (978,"Common Brushtail Possum");
insert  into `animal`(`id`,`name`) values (979,"Common Planigale");
insert  into `animal`(`id`,`name`) values (980,"Common Ringtail Possum");
insert  into `animal`(`id`,`name`) values (981,"Common Spotted Cuscus");
insert  into `animal`(`id`,`name`) values (982,"Common Wombat");
insert  into `animal`(`id`,`name`) values (983,"Coppery Brushtail Possum");
insert  into `animal`(`id`,`name`) values (984,"Crescent Nail-tail Wallaby");
insert  into `animal`(`id`,`name`) values (985,"Crest-tailed Mulgara");
insert  into `animal`(`id`,`name`) values (986,"Daintree River Ringtail Possum");
insert  into `animal`(`id`,`name`) values (987,"Desert Bandicoot");
insert  into `animal`(`id`,`name`) values (988,"Desert Rat-kangaroo");
insert  into `animal`(`id`,`name`) values (989,"Dibbler");
insert  into `animal`(`id`,`name`) values (990,"Dusky Antechinus");
insert  into `animal`(`id`,`name`) values (991,"Eastern Barred Bandicoot");
insert  into `animal`(`id`,`name`) values (992,"Eastern Grey Kangaroo");
insert  into `animal`(`id`,`name`) values (993,"Eastern Hare-wallaby");
insert  into `animal`(`id`,`name`) values (994,"Eastern Pygmy Possum");
insert  into `animal`(`id`,`name`) values (995,"Eastern Quoll");
insert  into `animal`(`id`,`name`) values (996,"Fat-tailed Dunnart");
insert  into `animal`(`id`,`name`) values (997,"Fat-tailed False Antechinus");
insert  into `animal`(`id`,`name`) values (998,"Fawn Antechinus");
insert  into `animal`(`id`,`name`) values (999,"Feathertail Glider");
insert  into `animal`(`id`,`name`) values (1000,"Gilbert's Dunnart");
insert  into `animal`(`id`,`name`) values (1001,"Gilbert's Potoroo");
insert  into `animal`(`id`,`name`) values (1002,"Godman's Rock-wallaby");
insert  into `animal`(`id`,`name`) values (1003,"Golden Bandicoot");
insert  into `animal`(`id`,`name`) values (1004,"Greater Glider");
insert  into `animal`(`id`,`name`) values (1005,"Green Ringtail Possum");
insert  into `animal`(`id`,`name`) values (1006,"Grey-bellied Dunnart");
insert  into `animal`(`id`,`name`) values (1007,"Hairy-footed Dunnart");
insert  into `animal`(`id`,`name`) values (1008,"Herbert River Ringtail Possum");
insert  into `animal`(`id`,`name`) values (1009,"Herbert's Rock-wallaby");
insert  into `animal`(`id`,`name`) values (1010,"Honey Possum");
insert  into `animal`(`id`,`name`) values (1011,"Julia Creek Dunnart");
insert  into `animal`(`id`,`name`) values (1012,"Kakadu Dunnart");
insert  into `animal`(`id`,`name`) values (1013,"Kaluta");
insert  into `animal`(`id`,`name`) values (1014,"Kangaroo Island Dunnart");
insert  into `animal`(`id`,`name`) values (1015,"Koala");
insert  into `animal`(`id`,`name`) values (1016,"Kowari");
insert  into `animal`(`id`,`name`) values (1017,"Kultarr");
insert  into `animal`(`id`,`name`) values (1018,"Leadbeater's Possum");
insert  into `animal`(`id`,`name`) values (1019,"Lemuroid Ringtail Possum");
insert  into `animal`(`id`,`name`) values (1020,"Lesser Bilby");
insert  into `animal`(`id`,`name`) values (1021,"Lesser Hairy-footed Dunnart");
insert  into `animal`(`id`,`name`) values (1022,"Little Long-tailed Dunnart");
insert  into `animal`(`id`,`name`) values (1023,"Long-footed Potoroo");
insert  into `animal`(`id`,`name`) values (1024,"Long-nosed Bandicoot");
insert  into `animal`(`id`,`name`) values (1025,"Long-nosed Potoroo");
insert  into `animal`(`id`,`name`) values (1026,"Long-tailed Dunnart");
insert  into `animal`(`id`,`name`) values (1027,"Long-tailed Planigale");
insert  into `animal`(`id`,`name`) values (1028,"Long-tailed Pygmy Possum");
insert  into `animal`(`id`,`name`) values (1029,"Lumholtz's Tree-kangaroo");
insert  into `animal`(`id`,`name`) values (1030,"Mahogany Glider");
insert  into `animal`(`id`,`name`) values (1031,"Mala");
insert  into `animal`(`id`,`name`) values (1032,"Mallee Ningaui");
insert  into `animal`(`id`,`name`) values (1033,"Mareeba Rock-wallaby");
insert  into `animal`(`id`,`name`) values (1034,"Monjon");
insert  into `animal`(`id`,`name`) values (1035,"Mountain Brushtail Possum");
insert  into `animal`(`id`,`name`) values (1036,"Mountain Pygmy Possum");
insert  into `animal`(`id`,`name`) values (1037,"Musky Rat-kangaroo");
insert  into `animal`(`id`,`name`) values (1038,"Nabarlek");
insert  into `animal`(`id`,`name`) values (1039,"Narrow-nosed Planigale");
insert  into `animal`(`id`,`name`) values (1040,"Ningbing False Antechinus");
insert  into `animal`(`id`,`name`) values (1041,"Northern Bettong");
insert  into `animal`(`id`,`name`) values (1042,"Northern Brown Bandicoot");
insert  into `animal`(`id`,`name`) values (1043,"Northern Brushtail Possum");
insert  into `animal`(`id`,`name`) values (1044,"Northern Hairy-nosed Wombat");
insert  into `animal`(`id`,`name`) values (1045,"Northern Marsupial Mole");
insert  into `animal`(`id`,`name`) values (1046,"Northern Nail-tail Wallaby");
insert  into `animal`(`id`,`name`) values (1047,"Northern Quoll");
insert  into `animal`(`id`,`name`) values (1048,"Numbat");
insert  into `animal`(`id`,`name`) values (1049,"Ooldea Dunnart");
insert  into `animal`(`id`,`name`) values (1050,"Parma Wallaby");
insert  into `animal`(`id`,`name`) values (1051,"Paucident Planigale");
insert  into `animal`(`id`,`name`) values (1052,"Pig-footed Bandicoot");
insert  into `animal`(`id`,`name`) values (1053,"Pilbara Ningaui");
insert  into `animal`(`id`,`name`) values (1054,"Platypus");
insert  into `animal`(`id`,`name`) values (1055,"Proserpine Rock-wallaby");
insert  into `animal`(`id`,`name`) values (1056,"Purple-necked Rock-wallaby");
insert  into `animal`(`id`,`name`) values (1057,"Quokka");
insert  into `animal`(`id`,`name`) values (1058,"Red Kangaroo");
insert  into `animal`(`id`,`name`) values (1059,"Red-cheeked Dunnart");
insert  into `animal`(`id`,`name`) values (1060,"Red-legged Pademelon");
insert  into `animal`(`id`,`name`) values (1061,"Red-necked Pademelon");
insert  into `animal`(`id`,`name`) values (1062,"Red-necked Wallaby");
insert  into `animal`(`id`,`name`) values (1063,"Red-tailed Phascogale");
insert  into `animal`(`id`,`name`) values (1064,"Rock Ringtail Possum");
insert  into `animal`(`id`,`name`) values (1065,"Rory Cooper's False Antechinus");
insert  into `animal`(`id`,`name`) values (1066,"Rothschild's Rock-wallaby");
insert  into `animal`(`id`,`name`) values (1067,"Rufous Bettong");
insert  into `animal`(`id`,`name`) values (1068,"Rufous Spiny Bandicoot");
insert  into `animal`(`id`,`name`) values (1069,"Sandhill Dunnart");
insert  into `animal`(`id`,`name`) values (1070,"Sandstone False Antechinus");
insert  into `animal`(`id`,`name`) values (1071,"Scaly-tailed Possum");
insert  into `animal`(`id`,`name`) values (1072,"Sharman's Rock-wallaby");
insert  into `animal`(`id`,`name`) values (1073,"Short-beaked Echidna");
insert  into `animal`(`id`,`name`) values (1074,"Short-eared Possum");
insert  into `animal`(`id`,`name`) values (1075,"Short-eared Rock-wallaby");
insert  into `animal`(`id`,`name`) values (1076,"Slender-tailed Dunnart");
insert  into `animal`(`id`,`name`) values (1077,"Sooty Dunnart");
insert  into `animal`(`id`,`name`) values (1078,"Southern Bettong");
insert  into `animal`(`id`,`name`) values (1079,"Southern Brown Bandicoot");
insert  into `animal`(`id`,`name`) values (1080,"Southern Common Cuscus");
insert  into `animal`(`id`,`name`) values (1081,"Southern Hairy-nosed Wombat");
insert  into `animal`(`id`,`name`) values (1082,"Southern Marsupial Mole");
insert  into `animal`(`id`,`name`) values (1083,"Southwestern Pygmy Possum");
insert  into `animal`(`id`,`name`) values (1084,"Spectacled Hare-wallaby");
insert  into `animal`(`id`,`name`) values (1085,"Squirrel Glider");
insert  into `animal`(`id`,`name`) values (1086,"Stripe-faced Dunnart");
insert  into `animal`(`id`,`name`) values (1087,"Striped Possum");
insert  into `animal`(`id`,`name`) values (1088,"Subtropical Antechinus");
insert  into `animal`(`id`,`name`) values (1089,"Sugar Glider");
insert  into `animal`(`id`,`name`) values (1090,"Swamp Antechinus");
insert  into `animal`(`id`,`name`) values (1091,"Swamp Wallaby");
insert  into `animal`(`id`,`name`) values (1092,"Tammar Wallaby");
insert  into `animal`(`id`,`name`) values (1093,"Tasmanian Devil");
insert  into `animal`(`id`,`name`) values (1094,"Tasmanian Pademelon");
insert  into `animal`(`id`,`name`) values (1095,"Tasmanian Pygmy Possum");
insert  into `animal`(`id`,`name`) values (1096,"Thylacine");
insert  into `animal`(`id`,`name`) values (1097,"Tiger Quoll");
insert  into `animal`(`id`,`name`) values (1098,"Toolache Wallaby");
insert  into `animal`(`id`,`name`) values (1099,"Unadorned Rock-wallaby");
insert  into `animal`(`id`,`name`) values (1100,"Wallaroo");
insert  into `animal`(`id`,`name`) values (1101,"Western Barred Bandicoot");
insert  into `animal`(`id`,`name`) values (1102,"Western Brush Wallaby");
insert  into `animal`(`id`,`name`) values (1103,"Western Grey Kangaroo");
insert  into `animal`(`id`,`name`) values (1104,"Western Quoll");
insert  into `animal`(`id`,`name`) values (1105,"Western Ringtail Possum");
insert  into `animal`(`id`,`name`) values (1106,"Whiptail Wallaby");
insert  into `animal`(`id`,`name`) values (1107,"White-footed Dunnart");
insert  into `animal`(`id`,`name`) values (1108,"White-tailed Dunnart");
insert  into `animal`(`id`,`name`) values (1109,"Wongai Ningaui");
insert  into `animal`(`id`,`name`) values (1110,"Woolley's False Antechinus");
insert  into `animal`(`id`,`name`) values (1111,"Woylie");
insert  into `animal`(`id`,`name`) values (1112,"Yellow-bellied Glider");
insert  into `animal`(`id`,`name`) values (1113,"Yellow-footed Antechinus");
insert  into `animal`(`id`,`name`) values (1114,"Yellow-footed Rock-wallaby");
insert  into `animal`(`id`,`name`) values (1115,"Andrew's Beaked Whale");
insert  into `animal`(`id`,`name`) values (1116,"Antarctic Fur Seal");
insert  into `animal`(`id`,`name`) values (1117,"Arnoux's Beaked Whale");
insert  into `animal`(`id`,`name`) values (1118,"Australian Fur Seal");
insert  into `animal`(`id`,`name`) values (1119,"Australian Sea Lion");
insert  into `animal`(`id`,`name`) values (1120,"Australian Snubfin Dolphin");
insert  into `animal`(`id`,`name`) values (1121,"Blainville's Beaked Whale");
insert  into `animal`(`id`,`name`) values (1122,"Blue Whale");
insert  into `animal`(`id`,`name`) values (1123,"Bottlenose Dolphin");
insert  into `animal`(`id`,`name`) values (1124,"Crabeater Seal");
insert  into `animal`(`id`,`name`) values (1125,"Cuvier's Beaked Whale");
insert  into `animal`(`id`,`name`) values (1126,"Dugong");
insert  into `animal`(`id`,`name`) values (1127,"Dusky Dolphin");
insert  into `animal`(`id`,`name`) values (1128,"Dwarf Sperm Whale");
insert  into `animal`(`id`,`name`) values (1129,"False Killer Whale");
insert  into `animal`(`id`,`name`) values (1130,"Fin Whale");
insert  into `animal`(`id`,`name`) values (1131,"Fraser's Dolphin");
insert  into `animal`(`id`,`name`) values (1132,"Ginkgo-toothed Beaked Whale");
insert  into `animal`(`id`,`name`) values (1133,"Gray's Beaked Whale");
insert  into `animal`(`id`,`name`) values (1134,"Hector's Beaked Whale");
insert  into `animal`(`id`,`name`) values (1135,"Hourglass Dolphin");
insert  into `animal`(`id`,`name`) values (1136,"Humpback Whale");
insert  into `animal`(`id`,`name`) values (1137,"Indo-Pacific Bottlenose Dolphin");
insert  into `animal`(`id`,`name`) values (1138,"Indo-Pacific Hump-backed Dolphin");
insert  into `animal`(`id`,`name`) values (1139,"Irrawaddy Dolphin");
insert  into `animal`(`id`,`name`) values (1140,"Leopard Seal");
insert  into `animal`(`id`,`name`) values (1141,"Long-finned Pilot Whale");
insert  into `animal`(`id`,`name`) values (1142,"Longman's Beaked Whale");
insert  into `animal`(`id`,`name`) values (1143,"Melon-headed Whale");
insert  into `animal`(`id`,`name`) values (1144,"Minke Whale");
insert  into `animal`(`id`,`name`) values (1145,"New Zealand Fur Seal");
insert  into `animal`(`id`,`name`) values (1146,"New Zealand Sea Lion");
insert  into `animal`(`id`,`name`) values (1147,"Orca");
insert  into `animal`(`id`,`name`) values (1148,"Pantropical Spotted Dolphin");
insert  into `animal`(`id`,`name`) values (1149,"Pygmy Bryde's Whale");
insert  into `animal`(`id`,`name`) values (1150,"Pygmy Killer Whale");
insert  into `animal`(`id`,`name`) values (1151,"Pygmy Sperm Whale");
insert  into `animal`(`id`,`name`) values (1152,"Risso's Dolphin");
insert  into `animal`(`id`,`name`) values (1153,"Ross Seal");
insert  into `animal`(`id`,`name`) values (1154,"Rough-toothed Dolphin");
insert  into `animal`(`id`,`name`) values (1155,"Sei Whale");
insert  into `animal`(`id`,`name`) values (1156,"Shepherd's Beaked Whale");
insert  into `animal`(`id`,`name`) values (1157,"Short-beaked Common Dolphin");
insert  into `animal`(`id`,`name`) values (1158,"Short-finned Pilot Whale");
insert  into `animal`(`id`,`name`) values (1159,"Southern Bottlenose Whale");
insert  into `animal`(`id`,`name`) values (1160,"Southern Elephant Seal");
insert  into `animal`(`id`,`name`) values (1161,"Southern Minke Whale");
insert  into `animal`(`id`,`name`) values (1162,"Southern Right Whale");
insert  into `animal`(`id`,`name`) values (1163,"Southern Rightwhale Dolphin");
insert  into `animal`(`id`,`name`) values (1164,"Spectacled Porpoise");
insert  into `animal`(`id`,`name`) values (1165,"Sperm Whale");
insert  into `animal`(`id`,`name`) values (1166,"Spinner Dolphin");
insert  into `animal`(`id`,`name`) values (1167,"Strap-toothed Whale");
insert  into `animal`(`id`,`name`) values (1168,"Striped Dolphin");
insert  into `animal`(`id`,`name`) values (1169,"Subantarctic Fur Seal");
insert  into `animal`(`id`,`name`) values (1170,"True's Beaked Whale");
insert  into `animal`(`id`,`name`) values (1171,"Weddell Seal");
insert  into `animal`(`id`,`name`) values (1172,"Arnhem Land Rock-rat");
insert  into `animal`(`id`,`name`) values (1173,"Ash-grey Mouse");
insert  into `animal`(`id`,`name`) values (1174,"Big-eared Hopping Mouse");
insert  into `animal`(`id`,`name`) values (1175,"Black Rat");
insert  into `animal`(`id`,`name`) values (1176,"Black-footed Tree-rat");
insert  into `animal`(`id`,`name`) values (1177,"Blue-grey Mouse");
insert  into `animal`(`id`,`name`) values (1178,"Bolam's Mouse");
insert  into `animal`(`id`,`name`) values (1179,"Bramble Cay Melomys");
insert  into `animal`(`id`,`name`) values (1180,"Broad-toothed Mouse");
insert  into `animal`(`id`,`name`) values (1181,"Brown Rat");
insert  into `animal`(`id`,`name`) values (1182,"Brush-tailed Rabbit Rat");
insert  into `animal`(`id`,`name`) values (1183,"Bush Rat");
insert  into `animal`(`id`,`name`) values (1184,"Canefield Rat");
insert  into `animal`(`id`,`name`) values (1185,"Cape York Melomys");
insert  into `animal`(`id`,`name`) values (1186,"Cape York Rat");
insert  into `animal`(`id`,`name`) values (1187,"Carpentarian Rock-rat");
insert  into `animal`(`id`,`name`) values (1188,"Central Pebble-mound Mouse");
insert  into `animal`(`id`,`name`) values (1189,"Central Rock-rat");
insert  into `animal`(`id`,`name`) values (1190,"Common Rock-rat");
insert  into `animal`(`id`,`name`) values (1191,"Darling Downs Hopping Mouse");
insert  into `animal`(`id`,`name`) values (1192,"Desert Mouse");
insert  into `animal`(`id`,`name`) values (1193,"Dusky Hopping Mouse");
insert  into `animal`(`id`,`name`) values (1194,"Dusky Rat");
insert  into `animal`(`id`,`name`) values (1195,"Eastern Chestnut Mouse");
insert  into `animal`(`id`,`name`) values (1196,"Eastern Pebble-mound Mouse");
insert  into `animal`(`id`,`name`) values (1197,"False Water-rat");
insert  into `animal`(`id`,`name`) values (1198,"Fawn Hopping Mouse");
insert  into `animal`(`id`,`name`) values (1199,"Fawn-footed Melomys");
insert  into `animal`(`id`,`name`) values (1200,"Five-lined Palm Squirrel");
insert  into `animal`(`id`,`name`) values (1201,"Forrest's Mouse");
insert  into `animal`(`id`,`name`) values (1202,"Giant White-tailed Rat");
insert  into `animal`(`id`,`name`) values (1203,"Golden-Backed Tree Rat");
insert  into `animal`(`id`,`name`) values (1204,"Gould's Mouse");
insert  into `animal`(`id`,`name`) values (1205,"Grassland Melomys");
insert  into `animal`(`id`,`name`) values (1206,"Great Hopping Mouse");
insert  into `animal`(`id`,`name`) values (1207,"Greater Stick-nest Rat");
insert  into `animal`(`id`,`name`) values (1208,"Hastings River Mouse");
insert  into `animal`(`id`,`name`) values (1209,"Heath Mouse");
insert  into `animal`(`id`,`name`) values (1210,"House Mouse");
insert  into `animal`(`id`,`name`) values (1211,"Kakadu Pebble-mound Mouse");
insert  into `animal`(`id`,`name`) values (1212,"Kimberley Mouse");
insert  into `animal`(`id`,`name`) values (1213,"Kimberley Rock-rat");
insert  into `animal`(`id`,`name`) values (1214,"Lakeland Downs Mouse");
insert  into `animal`(`id`,`name`) values (1215,"Lesser Stick-nest Rat");
insert  into `animal`(`id`,`name`) values (1216,"Little Native Mouse");
insert  into `animal`(`id`,`name`) values (1217,"Long-haired Rat");
insert  into `animal`(`id`,`name`) values (1218,"Long-tailed Hopping Mouse");
insert  into `animal`(`id`,`name`) values (1219,"Long-tailed Mouse");
insert  into `animal`(`id`,`name`) values (1220,"Masked White-tailed Rat");
insert  into `animal`(`id`,`name`) values (1221,"Mitchell's Hopping Mouse");
insert  into `animal`(`id`,`name`) values (1222,"New Holland Mouse");
insert  into `animal`(`id`,`name`) values (1223,"Northern Hopping Mouse");
insert  into `animal`(`id`,`name`) values (1224,"Pacific Rat");
insert  into `animal`(`id`,`name`) values (1225,"Pale Field Rat");
insert  into `animal`(`id`,`name`) values (1226,"Pilliga Mouse");
insert  into `animal`(`id`,`name`) values (1227,"Plains Rat");
insert  into `animal`(`id`,`name`) values (1228,"Prehensile-tailed Rat");
insert  into `animal`(`id`,`name`) values (1229,"Rakali");
insert  into `animal`(`id`,`name`) values (1230,"Sandy Inland Mouse");
insert  into `animal`(`id`,`name`) values (1231,"Shark Bay Mouse");
insert  into `animal`(`id`,`name`) values (1232,"Short-tailed Hopping Mouse");
insert  into `animal`(`id`,`name`) values (1233,"Silky Mouse");
insert  into `animal`(`id`,`name`) values (1234,"Smoky Mouse");
insert  into `animal`(`id`,`name`) values (1235,"Spinifex Hopping Mouse");
insert  into `animal`(`id`,`name`) values (1236,"Swamp Rat");
insert  into `animal`(`id`,`name`) values (1237,"Western Chestnut Mouse");
insert  into `animal`(`id`,`name`) values (1238,"Western Mouse");
insert  into `animal`(`id`,`name`) values (1239,"Western Pebble-mound Mouse");
insert  into `animal`(`id`,`name`) values (1240,"White-footed Rabbit Rat");
insert  into `animal`(`id`,`name`) values (1241,"Adelaide funnelweb spider");
insert  into `animal`(`id`,`name`) values (1242,"Adelaide trapdoor spider");
insert  into `animal`(`id`,`name`) values (1243,"Ant-mimicking spider");
insert  into `animal`(`id`,`name`) values (1244,"Antmimicking spider");
insert  into `animal`(`id`,`name`) values (1245,"Australian Common Whistling spider");
insert  into `animal`(`id`,`name`) values (1246,"Australian Featherleg spider");
insert  into `animal`(`id`,`name`) values (1247,"Australian Garden Orb Weaver Spider");
insert  into `animal`(`id`,`name`) values (1248,"Australian jumping spider");
insert  into `animal`(`id`,`name`) values (1249,"Australian lungless spider");
insert  into `animal`(`id`,`name`) values (1250,"Avondale spider");
insert  into `animal`(`id`,`name`) values (1251,"Badge Huntsman spider");
insert  into `animal`(`id`,`name`) values (1252,"Banded orb-weaving spider");
insert  into `animal`(`id`,`name`) values (1253,"Bird-dropping spider");
insert  into `animal`(`id`,`name`) values (1254,"Black house spider");
insert  into `animal`(`id`,`name`) values (1255,"Black wishbone spider");
insert  into `animal`(`id`,`name`) values (1256,"Blue Mountains funnelweb spider");
insert  into `animal`(`id`,`name`) values (1257,"Bolas spider");
insert  into `animal`(`id`,`name`) values (1258,"Bronze Aussie jumper");
insert  into `animal`(`id`,`name`) values (1259,"Brown house spider");
insert  into `animal`(`id`,`name`) values (1260,"Brown widow spider");
insert  into `animal`(`id`,`name`) values (1261,"Brush footed spider");
insert  into `animal`(`id`,`name`) values (1262,"Brushfooted trapdoor spider");
insert  into `animal`(`id`,`name`) values (1263,"Bubs Hill micro cave spider");
insert  into `animal`(`id`,`name`) values (1264,"Cascade funnelweb spider");
insert  into `animal`(`id`,`name`) values (1265,"Cave harvestman");
insert  into `animal`(`id`,`name`) values (1266,"Chink Jumping spider");
insert  into `animal`(`id`,`name`) values (1267,"Christmas spider");
insert  into `animal`(`id`,`name`) values (1268,"Coastal Whistling spider");
insert  into `animal`(`id`,`name`) values (1269,"Cobweb spider");
insert  into `animal`(`id`,`name`) values (1270,"Colonial spider");
insert  into `animal`(`id`,`name`) values (1271,"Common money spider");
insert  into `animal`(`id`,`name`) values (1272,"Common netcasting spider");
insert  into `animal`(`id`,`name`) values (1273,"Common Spitting spider");
insert  into `animal`(`id`,`name`) values (1274,"Cupboard spider");
insert  into `animal`(`id`,`name`) values (1275,"Daddy long-legs spider");
insert  into `animal`(`id`,`name`) values (1276,"Dewdrop spider");
insert  into `animal`(`id`,`name`) values (1277,"Eastern mouse spider");
insert  into `animal`(`id`,`name`) values (1278,"Eastern Tarantula");
insert  into `animal`(`id`,`name`) values (1279,"Enamelled spider");
insert  into `animal`(`id`,`name`) values (1280,"European garden spider");
insert  into `animal`(`id`,`name`) values (1281,"European house spider twoja stara");
insert  into `animal`(`id`,`name`) values (1282,"Eyre Peninsula funnelweb spider");
insert  into `animal`(`id`,`name`) values (1283,"Fiddleback spider");
insert  into `animal`(`id`,`name`) values (1284,"Flat Huntsman spider");
insert  into `animal`(`id`,`name`) values (1285,"Flattened bark spider");
insert  into `animal`(`id`,`name`) values (1286,"Flinders funnelweb spider");
insert  into `animal`(`id`,`name`) values (1287,"Flower spider");
insert  into `animal`(`id`,`name`) values (1288,"Football spider");
insert  into `animal`(`id`,`name`) values (1289,"Four-jawed spider");
insert  into `animal`(`id`,`name`) values (1290,"Four-spotted trapdoor spider");
insert  into `animal`(`id`,`name`) values (1291,"Garden orbweb spider");
insert  into `animal`(`id`,`name`) values (1292,"Garden wolf spider");
insert  into `animal`(`id`,`name`) values (1293,"Giant Huntsman spider");
insert  into `animal`(`id`,`name`) values (1294,"Giant water spider");
insert  into `animal`(`id`,`name`) values (1295,"Golden Orbweavers");
insert  into `animal`(`id`,`name`) values (1296,"Golden trapdoor spider");
insert  into `animal`(`id`,`name`) values (1297,"Green Crab spider");
insert  into `animal`(`id`,`name`) values (1298,"Green Tree Ant Mimicking spider");
insert  into `animal`(`id`,`name`) values (1299,"Grey House spider");
insert  into `animal`(`id`,`name`) values (1300,"Grey wolf spider");
insert  into `animal`(`id`,`name`) values (1301,"Hairy imperial spider");
insert  into `animal`(`id`,`name`) values (1302,"Harvestmen");
insert  into `animal`(`id`,`name`) values (1303,"Intertidal trapdoor spider");
insert  into `animal`(`id`,`name`) values (1304,"Introduced daddy-longlegs");
insert  into `animal`(`id`,`name`) values (1305,"Jewel spider");
insert  into `animal`(`id`,`name`) values (1306,"Knobbly Crab spider");
insert  into `animal`(`id`,`name`) values (1307,"Lake Fenton trapdoor spider");
insert  into `animal`(`id`,`name`) values (1308,"Leaf curling spider");
insert  into `animal`(`id`,`name`) values (1309,"Lichen huntsman");
insert  into `animal`(`id`,`name`) values (1310,"Lined spider");
insert  into `animal`(`id`,`name`) values (1311,"Little striped wolf spider");
insert  into `animal`(`id`,`name`) values (1312,"Longtailed orb-weaving spider");
insert  into `animal`(`id`,`name`) values (1313,"Magnificent spider");
insert  into `animal`(`id`,`name`) values (1314,"Melbourne trapdoor spider");
insert  into `animal`(`id`,`name`) values (1315,"Minnivale trapdoor spider");
insert  into `animal`(`id`,`name`) values (1316,"Mullamullang Cave spider");
insert  into `animal`(`id`,`name`) values (1317,"Murdoch Sink Cave spider");
insert  into `animal`(`id`,`name`) values (1318,"Northern funnelweb spider");
insert  into `animal`(`id`,`name`) values (1319,"Northern Green Jumping spider");
insert  into `animal`(`id`,`name`) values (1320,"Northern mouse spider");
insert  into `animal`(`id`,`name`) values (1321,"Northern Rivers funnelweb spider");
insert  into `animal`(`id`,`name`) values (1322,"Nullarbor cave trapdoor spider");
insert  into `animal`(`id`,`name`) values (1323,"Nurina Cave spider");
insert  into `animal`(`id`,`name`) values (1324,"Pellet spider");
insert  into `animal`(`id`,`name`) values (1325,"Perfect Spitting spider");
insert  into `animal`(`id`,`name`) values (1326,"Pirate spider");
insert  into `animal`(`id`,`name`) values (1327,"Platform spider");
insert  into `animal`(`id`,`name`) values (1328,"Red'n'black spider");
insert  into `animal`(`id`,`name`) values (1329,"Redback spider");
insert  into `animal`(`id`,`name`) values (1330,"Redheaded mouse spider");
insert  into `animal`(`id`,`name`) values (1331,"Redlegged House spider");
insert  into `animal`(`id`,`name`) values (1332,"Sac spider");
insert  into `animal`(`id`,`name`) values (1333,"Scorpiontailed spider");
insert  into `animal`(`id`,`name`) values (1334,"Shield Huntsman spider");
insert  into `animal`(`id`,`name`) values (1335,"Shieldbacked trapdoor spider");
insert  into `animal`(`id`,`name`) values (1336,"Silver Dewdrop spider");
insert  into `animal`(`id`,`name`) values (1337,"Silvery vagabond spider");
insert  into `animal`(`id`,`name`) values (1338,"Slender sac spider");
insert  into `animal`(`id`,`name`) values (1339,"Small bird-dropping spider");
insert  into `animal`(`id`,`name`) values (1340,"Sombrero spider");
insert  into `animal`(`id`,`name`) values (1341,"Southern funnelweb spider");
insert  into `animal`(`id`,`name`) values (1342,"Spotted ground swift spider");
insert  into `animal`(`id`,`name`) values (1343,"St Andrew's cross spider");
insert  into `animal`(`id`,`name`) values (1344,"Stout sac spider");
insert  into `animal`(`id`,`name`) values (1345,"Swift spider");
insert  into `animal`(`id`,`name`) values (1346,"Sydney brown trapdoor spider");
insert  into `animal`(`id`,`name`) values (1347,"Sydney funnel-web spider");
insert  into `animal`(`id`,`name`) values (1348,"Sydney Huntsman spider");
insert  into `animal`(`id`,`name`) values (1349,"Tailed forest spider");
insert  into `animal`(`id`,`name`) values (1350,"Tangle Web spider");
insert  into `animal`(`id`,`name`) values (1351,"Tasmanian cave spider");
insert  into `animal`(`id`,`name`) values (1352,"Tasmanian funnelweb spider");
insert  into `animal`(`id`,`name`) values (1353,"Tasmanian golden trapdoor spider");
insert  into `animal`(`id`,`name`) values (1354,"Tear drop spider");
insert  into `animal`(`id`,`name`) values (1355,"Tent spider");
insert  into `animal`(`id`,`name`) values (1356,"Three lobed spider");
insert  into `animal`(`id`,`name`) values (1357,"Toowoomba funnelweb spider");
insert  into `animal`(`id`,`name`) values (1358,"Trampoline spider");
insert  into `animal`(`id`,`name`) values (1359,"Tree funnelweb spider");
insert  into `animal`(`id`,`name`) values (1360,"Tree-stem trapdoor spider");
insert  into `animal`(`id`,`name`) values (1361,"Triangular spider");
insert  into `animal`(`id`,`name`) values (1362,"Tube spider");
insert  into `animal`(`id`,`name`) values (1363,"Two-spined spider");
insert  into `animal`(`id`,`name`) values (1364,"Two-tailed spider");
insert  into `animal`(`id`,`name`) values (1365,"Victorian funnelweb spider");
insert  into `animal`(`id`,`name`) values (1366,"Violin spider");
insert  into `animal`(`id`,`name`) values (1367,"Wall spider");
insert  into `animal`(`id`,`name`) values (1368,"Western archaeid spider");
insert  into `animal`(`id`,`name`) values (1369,"Wheelweaving orbweaving spider");
insert  into `animal`(`id`,`name`) values (1370,"Whip spider");
insert  into `animal`(`id`,`name`) values (1371,"White Kneed spider");
insert  into `animal`(`id`,`name`) values (1372,"Whitetailed spider");
insert  into `animal`(`id`,`name`) values (1373,"Yellow nightstalking sac spider");
insert  into `animal`(`id`,`name`) values (1374,"Yorkrakine trapdoor spider");


/*Table structure for table `colour` */

DROP TABLE IF EXISTS `colour`;

CREATE TABLE `colour` (
  `id` Int,
  `name` Text,
  PRIMARY KEY (`id` ASC)
);


/*Data for the table `colour` */

insert  into `colour`(`id`,`name`) values (0,"Dummy for Testing");
insert  into `colour`(`id`,`name`) values (1,"Gold");
insert  into `colour`(`id`,`name`) values (2,"Green");
insert  into `colour`(`id`,`name`) values (3,"Red");
insert  into `colour`(`id`,`name`) values (4,"Blue");


/*Table structure for table `session` */

DROP TABLE IF EXISTS `session`;

CREATE TABLE `session` (
  `id` Int,
  `name` Text,
  PRIMARY KEY (`id` ASC)
);


/*Data for the table `session` */

insert  into `session`(`id`,`name`) values (1,"Session 1");
insert  into `session`(`id`,`name`) values (2,"Session 2");
insert  into `session`(`id`,`name`) values (3,"Session 3.1");
insert  into `session`(`id`,`name`) values (4,"Session 3.2");


/*Table structure for table `component` */

DROP TABLE IF EXISTS `component`;

CREATE TABLE `component` (
  `id` Int,
  `name` Text,
  `layout` Text,
  `prompts` Text,
  `duration` Int,
  `syncprompts` Int,   /* boolean - are RA and Speaker prompts syncronised */
  
  PRIMARY KEY (`id` ASC)
);


/*Data for the table `component` */


insert  into `component`(`id`,`name`,`layout`,`prompts`, `duration`, `syncprompts`)values (1,"Yes/No Opening",		"YesNo",	"Protocol-OpeningYesNo-Session1",180, 0);
insert  into `component`(`id`,`name`,`layout`,`prompts`, `duration`, `syncprompts`)values (21,"Yes/No Opening",		"YesNo",	"Protocol-OpeningYesNo-Session2",180, 0);
insert  into `component`(`id`,`name`,`layout`,`prompts`, `duration`, `syncprompts`)values (31,"Yes/No Opening",		"YesNo",	"Protocol-OpeningYesNo-Session3",180, 0);

insert  into `component`(`id`,`name`,`layout`,`prompts`, `duration`, `syncprompts`)values (2,"Words",				"Prompts",	"Protocol-Words_Session1",600, 1);
insert  into `component`(`id`,`name`,`layout`,`prompts`, `duration`, `syncprompts`)values (22,"Words",				"Prompts",	"Protocol-Words_Session2",600, 1);
insert  into `component`(`id`,`name`,`layout`,`prompts`, `duration`, `syncprompts`)values (32,"Words",				"Prompts",	"Protocol-Words_Session3",600, 1);

insert  into `component`(`id`,`name`,`layout`,`prompts`, `duration`, `syncprompts`)values (3,"Story",				"Prompts",	"Protocol-Story",300, 1);
insert  into `component`(`id`,`name`,`layout`,`prompts`, `duration`, `syncprompts`)values (4,"Re-told Story",		"Prompts",	"Protocol-Retold-Story",600, 0);
insert  into `component`(`id`,`name`,`layout`,`prompts`, `duration`, `syncprompts`)values (5,"Digits",				"Prompts",	"Protocol-Digits",300, 1);
insert  into `component`(`id`,`name`,`layout`,`prompts`, `duration`, `syncprompts`)values (6,"Sentences",			"Prompts",	"Protocol-Sentences",480, 1);
insert  into `component`(`id`,`name`,`layout`,`prompts`, `duration`, `syncprompts`)values (7,"Interview",			"Prompts",	"Protocol-Interview",900, 0);
insert  into `component`(`id`,`name`,`layout`,`prompts`, `duration`, `syncprompts`)values (8,"Map Task 1",			"MapTask",	"Protocol-MapTask",1200, 0);
insert  into `component`(`id`,`name`,`layout`,`prompts`, `duration`, `syncprompts`)values (10,"Map Task 2",			"MapTask",	"Protocol-MapTask",1200, 0);
insert  into `component`(`id`,`name`,`layout`,`prompts`, `duration`, `syncprompts`)values (12,"Conversation",		"Prompts",	"Protocol-Conversation",200, 1);
insert  into `component`(`id`,`name`,`layout`,`prompts`, `duration`, `syncprompts`)values (9,"Yes/No Closing",		"YesNo",	"Protocol-ClosingYesNo",120, 0);
insert  into `component`(`id`,`name`,`layout`,`prompts`, `duration`, `syncprompts`)values (11,"Calibration",		"Prompts",	"Protocol-3D-Calibration",600, 1);
insert  into `component`(`id`,`name`,`layout`,`prompts`, `duration`, `syncprompts`)values (16,"Sentences Session 2","Prompts",	"Protocol-Sentences-Session2",480, 1); 


/*Table structure for table `component_protocol` */

DROP TABLE IF EXISTS `component_protocol`;

CREATE TABLE `component_protocol` (
  `session` Int,
  `component` Int,
  `map` Text Null,
  `order` Int,
  PRIMARY KEY (`session`, `component`),
  FOREIGN KEY (`session`) REFERENCES session(`id`),
  FOREIGN KEY (`component`) REFERENCES component(`id`)
);

/*Data for the table `component_protocol` */

/* Session 1 Components */
insert  into `component_protocol`(`session`,`component`,`map`,`order`) values (1,11,"Protocol-Calibration.map",1);
insert  into `component_protocol`(`session`,`component`,`map`,`order`) values (1,1,"Protocol-OpeningYesNo-Session1.map",2);
insert  into `component_protocol`(`session`,`component`,`map`,`order`) values (1,2,"Protocol-Words_Session2.map",3);
insert  into `component_protocol`(`session`,`component`,`map`,`order`) values (1,3,"Protocol-Story.map",4);
insert  into `component_protocol`(`session`,`component`,`map`,`order`) values (1,4,"Protocol-Retold-Story.map",5);
insert  into `component_protocol`(`session`,`component`,`map`,`order`) values (1,5,"Protocol-Digits.map",6);
insert  into `component_protocol`(`session`,`component`,`map`,`order`) values (1,9,"Protocol-Closing.map",7);

/* Session 2 Components */
insert  into `component_protocol`(`session`,`component`,`map`,`order`) values (2,21,"Protocol-OpeningYesNo-Session2.map",1);
insert  into `component_protocol`(`session`,`component`,`map`,`order`) values (2,22,"Protocol-Words_Session2.map",2);
insert  into `component_protocol`(`session`,`component`,`map`,`order`) values (2,7,"Protocol-Interview.map",3);
insert  into `component_protocol`(`session`,`component`,`map`,`order`) values (2,5,"Protocol-Digits.map",4);
insert  into `component_protocol`(`session`,`component`,`map`,`order`) values (2,16,"Protocol-Sentences-Session2.map",5);
insert  into `component_protocol`(`session`,`component`,`map`,`order`) values (2,9,"closing.map",6);

/* Session 3 A Components */
insert  into `component_protocol`(`session`,`component`,`map`,`order`) values (3,31,"Protocol-OpeningYesNo-Session3.map",1);
insert  into `component_protocol`(`session`,`component`,`map`,`order`) values (3,32,"Protocol-Words_Session2.map",2);
insert  into `component_protocol`(`session`,`component`,`map`,`order`) values (3,8,"Protocol-MapTask.map",3);

/* Session 3 B Components */
insert  into `component_protocol`(`session`,`component`,`map`,`order`) values (4,10,"Protocol-MapTask.map",1);
insert  into `component_protocol`(`session`,`component`,`map`,`order`) values (4,12,"Protocol-Conversation.map",2);
insert  into `component_protocol`(`session`,`component`,`map`,`order`) values (4,32,"Protocol-Words_Session3.map",3);
insert  into `component_protocol`(`session`,`component`,`map`,`order`) values (4,9,"Protocol-Closing.map",4);


/*Table structure for table `log` */

CREATE TABLE IF NOT EXISTS `metadata` (
  `id` Int,
  `timestamp` Int,
  `colour` Int,
  `animal` Int,
  `session` Int,
  `component` Int,
  `item` Int NULL,
  `filename` Text NULL,
  `prompt` Text NULL,
  PRIMARY KEY (`id` ASC),
  FOREIGN KEY (`colour`) REFERENCES colour(`id`),
  FOREIGN KEY (`animal`) REFERENCES animal(`id`),
  FOREIGN KEY (`session`) REFERENCES session(`id`),
  FOREIGN KEY (`component`) REFERENCES component(`id`)
);
